=== Starting reinstallation at Mon Jan  5 03:21:49 PM EST 2026 ===

=== Processing APT packages ===
SKIP: 7zip (already installed)
SKIP: accountsservice (already installed)
SKIP: acl (already installed)
SKIP: acpi-support (already installed)
SKIP: acpid (already installed)
SKIP: adduser (already installed)
SKIP: adwaita-icon-theme (already installed)
SKIP: adwaita-icon-theme-full (already installed)
SKIP: aglfn (already installed)
SKIP: alsa-base (already installed)
SKIP: alsa-topology-conf (already installed)
SKIP: alsa-ucm-conf (already installed)
SKIP: alsa-utils (already installed)
SKIP: amd-ppt-bin (already installed)
SKIP: amd64-microcode (already installed)
SKIP: apg (already installed)
SKIP: app-install-data (already installed)
SKIP: apparmor (already installed)
SKIP: apport (already installed)
SKIP: apport-symptoms (already installed)
SKIP: appstream (already installed)
SKIP: appstream-data-pop (already installed)
SKIP: appstream-data-pop-icons (already installed)
SKIP: apt (already installed)
SKIP: apt-config-icons (already installed)
SKIP: apt-config-icons-hidpi (already installed)
SKIP: apt-config-icons-large (already installed)
SKIP: apt-config-icons-large-hidpi (already installed)
SKIP: apt-transport-https (already installed)
SKIP: apt-utils (already installed)
SKIP: aptdaemon (already installed)
SKIP: aptdaemon-data (already installed)
SKIP: apturl (already installed)
SKIP: apturl-common (already installed)
SKIP: aspell (already installed)
SKIP: aspell-en (already installed)
SKIP: asymptote (already installed)
SKIP: asymptote-doc (already installed)
SKIP: at (already installed)
SKIP: at-spi2-core (already installed)
SKIP: attr (already installed)
SKIP: autoconf (already installed)
SKIP: automake (already installed)
SKIP: autotools-dev (already installed)
SKIP: avahi-autoipd (already installed)
SKIP: avahi-daemon (already installed)
SKIP: avahi-utils (already installed)
INSTALL: balena-etcher
E: Could not get lock /var/lib/dpkg/lock-frontend. It is held by process 109532 (apt-get)
E: Unable to acquire the dpkg frontend lock (/var/lib/dpkg/lock-frontend), is another process using it?
FAILED: balena-etcher
SKIP: baobab (already installed)
SKIP: base-files (already installed)
SKIP: base-passwd (already installed)
SKIP: bash (already installed)
SKIP: bash-completion (already installed)
SKIP: bc (already installed)
SKIP: biber (already installed)
SKIP: bind9-dnsutils (already installed)
SKIP: bind9-host (already installed)
SKIP: bind9-libs:amd64 (already installed)
SKIP: binutils (already installed)
SKIP: binutils-common:amd64 (already installed)
SKIP: binutils-x86-64-linux-gnu (already installed)
SKIP: bluez (already installed)
SKIP: bluez-cups (already installed)
SKIP: bluez-obexd (already installed)
SKIP: bolt (already installed)
SKIP: bpfcc-tools (already installed)
SKIP: bridge-utils (already installed)
SKIP: brltty (already installed)
SKIP: bsdextrautils (already installed)
SKIP: bsdutils (already installed)
SKIP: bubblewrap (already installed)
SKIP: build-essential (already installed)
SKIP: buildah (already installed)
SKIP: busybox-initramfs (already installed)
SKIP: busybox-static (already installed)
SKIP: bzip2 (already installed)
SKIP: ca-certificates (already installed)
SKIP: ca-certificates-java (already installed)
SKIP: cabextract (already installed)
SKIP: catatonit (already installed)
SKIP: cheese-common (already installed)
SKIP: chktex (already installed)
SKIP: chrome-gnome-shell (already installed)
SKIP: chromium-codecs-ffmpeg-extra (already installed)
SKIP: chrony (already installed)
SKIP: cifs-utils (already installed)
SKIP: cm-super (already installed)
SKIP: cm-super-minimal (already installed)
SKIP: cmake (already installed)
SKIP: cmake-data (already installed)
SKIP: colord (already installed)
SKIP: colord-data (already installed)
SKIP: com.github.donadigo.eddy (already installed)
SKIP: command-not-found (already installed)
SKIP: conmon (already installed)
SKIP: console-setup (already installed)
SKIP: console-setup-linux (already installed)
INSTALL: containerd.io
E: Could not get lock /var/lib/dpkg/lock-frontend. It is held by process 109532 (apt-get)
E: Unable to acquire the dpkg frontend lock (/var/lib/dpkg/lock-frontend), is another process using it?
FAILED: containerd.io
SKIP: containernetworking-plugins (already installed)
SKIP: context (already installed)
SKIP: context-modules (already installed)
SKIP: coreutils (already installed)
SKIP: cpio (already installed)
SKIP: cpp (already installed)
SKIP: cpp-11 (already installed)
SKIP: cpp-12 (already installed)
SKIP: cpu-checker (already installed)
SKIP: cracklib-runtime (already installed)
SKIP: cron (already installed)
SKIP: crun (already installed)
SKIP: cryptsetup (already installed)
SKIP: cryptsetup-bin (already installed)
SKIP: cryptsetup-initramfs (already installed)
SKIP: cups (already installed)
SKIP: cups-browsed (already installed)
SKIP: cups-bsd (already installed)
SKIP: cups-client (already installed)
SKIP: cups-common (already installed)
SKIP: cups-core-drivers (already installed)
SKIP: cups-daemon (already installed)
SKIP: cups-filters (already installed)
SKIP: cups-filters-core-drivers (already installed)
SKIP: cups-ipp-utils (already installed)
SKIP: cups-pk-helper (already installed)
SKIP: cups-ppdc (already installed)
SKIP: cups-server-common (already installed)
SKIP: curl (already installed)
SKIP: dash (already installed)
SKIP: dbus (already installed)
SKIP: dbus-broker (already installed)
SKIP: dbus-user-session (already installed)
SKIP: dc (already installed)
SKIP: dconf-cli (already installed)
SKIP: dconf-gsettings-backend:amd64 (already installed)
SKIP: dconf-service (already installed)
SKIP: dctrl-tools (already installed)
SKIP: debconf (already installed)
SKIP: debconf-i18n (already installed)
SKIP: debianutils (already installed)
INSTALL: default-jre
E: Could not get lock /var/lib/dpkg/lock-frontend. It is held by process 109532 (apt-get)
E: Unable to acquire the dpkg frontend lock (/var/lib/dpkg/lock-frontend), is another process using it?
FAILED: default-jre
SKIP: default-jre-headless (already installed)
SKIP: desktop-file-utils (already installed)
INSTALL: detox
E: Could not get lock /var/lib/dpkg/lock-frontend. It is held by process 109532 (apt-get)
E: Unable to acquire the dpkg frontend lock (/var/lib/dpkg/lock-frontend), is another process using it?
FAILED: detox
SKIP: dfu-programmer (already installed)
SKIP: dh-elpa-helper (already installed)
SKIP: dictionaries-common (already installed)
SKIP: diffutils (already installed)
SKIP: direnv (already installed)
SKIP: dirmngr (already installed)
SKIP: distro-info (already installed)
SKIP: distro-info-data (already installed)
SKIP: dkms (already installed)
SKIP: dleyna-server (already installed)
SKIP: dmeventd (already installed)
SKIP: dmidecode (already installed)
SKIP: dmsetup (already installed)
SKIP: dns-root-data (already installed)
SKIP: dnsmasq-base (already installed)
INSTALL: dnsutils
E: Could not get lock /var/lib/dpkg/lock-frontend. It is held by process 109532 (apt-get)
E: Unable to acquire the dpkg frontend lock (/var/lib/dpkg/lock-frontend), is another process using it?
FAILED: dnsutils
SKIP: docbook-xml (already installed)
INSTALL: docker-buildx-plugin
E: Could not get lock /var/lib/dpkg/lock-frontend. It is held by process 109532 (apt-get)
E: Unable to acquire the dpkg frontend lock (/var/lib/dpkg/lock-frontend), is another process using it?
FAILED: docker-buildx-plugin
INSTALL: docker-ce
E: Could not get lock /var/lib/dpkg/lock-frontend. It is held by process 109532 (apt-get)
E: Unable to acquire the dpkg frontend lock (/var/lib/dpkg/lock-frontend), is another process using it?
FAILED: docker-ce
INSTALL: docker-ce-cli
E: Could not get lock /var/lib/dpkg/lock-frontend. It is held by process 109532 (apt-get)
E: Unable to acquire the dpkg frontend lock (/var/lib/dpkg/lock-frontend), is another process using it?
FAILED: docker-ce-cli
INSTALL: docker-ce-rootless-extras
E: Could not get lock /var/lib/dpkg/lock-frontend. It is held by process 109532 (apt-get)
E: Unable to acquire the dpkg frontend lock (/var/lib/dpkg/lock-frontend), is another process using it?
FAILED: docker-ce-rootless-extras
INSTALL: docker-compose-plugin
E: Could not get lock /var/lib/dpkg/lock-frontend. It is held by process 109532 (apt-get)
E: Unable to acquire the dpkg frontend lock (/var/lib/dpkg/lock-frontend), is another process using it?
FAILED: docker-compose-plugin
SKIP: dosfstools (already installed)
SKIP: dpkg (already installed)
SKIP: dpkg-dev (already installed)
SKIP: dvidvi (already installed)
SKIP: dvipng (already installed)
SKIP: dvisvgm (already installed)
SKIP: e2fsprogs (already installed)
SKIP: efibootmgr (already installed)
SKIP: eject (already installed)
SKIP: emacsen-common (already installed)
SKIP: enchant-2 (already installed)
SKIP: eog (already installed)
SKIP: espeak-ng (already installed)
SKIP: espeak-ng-data:amd64 (already installed)
SKIP: ethtool (already installed)
SKIP: evemu-tools (already installed)
SKIP: evince (already installed)
SKIP: evince-common (already installed)
SKIP: evolution-data-server (already installed)
SKIP: evolution-data-server-common (already installed)
SKIP: evtest (already installed)
SKIP: fakeroot (already installed)
SKIP: fd-find (already installed)
SKIP: fdisk (already installed)
SKIP: feynmf (already installed)
SKIP: ffmpeg (already installed)
SKIP: fig2dev (already installed)
SKIP: file (already installed)
SKIP: file-roller (already installed)
SKIP: finalrd (already installed)
SKIP: findutils (already installed)
SKIP: firefox (already installed)
SKIP: firmware-manager-notify (already installed)
SKIP: firmware-manager-shared (already installed)
SKIP: firmware-sof-signed (already installed)
SKIP: flatpak (already installed)
SKIP: folks-common (already installed)
SKIP: fontconfig (already installed)
SKIP: fontconfig-config (already installed)
SKIP: fonts-adf-accanthis (already installed)
SKIP: fonts-adf-berenis (already installed)
SKIP: fonts-adf-gillius (already installed)
SKIP: fonts-adf-universalis (already installed)
SKIP: fonts-arphic-bkai00mp (already installed)
SKIP: fonts-arphic-bsmi00lp (already installed)
SKIP: fonts-arphic-gbsn00lp (already installed)
SKIP: fonts-arphic-gkai00mp (already installed)
SKIP: fonts-arphic-ukai (already installed)
SKIP: fonts-arphic-uming (already installed)
SKIP: fonts-baekmuk (already installed)
SKIP: fonts-cabin (already installed)
SKIP: fonts-cantarell (already installed)
SKIP: fonts-comfortaa (already installed)
SKIP: fonts-croscore (already installed)
SKIP: fonts-crosextra-caladea (already installed)
SKIP: fonts-crosextra-carlito (already installed)
SKIP: fonts-dejavu-core (already installed)
SKIP: fonts-dejavu-extra (already installed)
SKIP: fonts-droid-fallback (already installed)
SKIP: fonts-ebgaramond (already installed)
SKIP: fonts-ebgaramond-extra (already installed)
SKIP: fonts-font-awesome (already installed)
SKIP: fonts-freefont-otf (already installed)
SKIP: fonts-freefont-ttf (already installed)
SKIP: fonts-gfs-artemisia (already installed)
SKIP: fonts-gfs-baskerville (already installed)
SKIP: fonts-gfs-bodoni-classic (already installed)
SKIP: fonts-gfs-complutum (already installed)
SKIP: fonts-gfs-didot (already installed)
SKIP: fonts-gfs-didot-classic (already installed)
SKIP: fonts-gfs-gazis (already installed)
SKIP: fonts-gfs-neohellenic (already installed)
SKIP: fonts-gfs-olga (already installed)
SKIP: fonts-gfs-porson (already installed)
SKIP: fonts-gfs-solomos (already installed)
SKIP: fonts-gfs-theokritos (already installed)
SKIP: fonts-go (already installed)
SKIP: fonts-hosny-amiri (already installed)
SKIP: fonts-ipaexfont-gothic (already installed)
SKIP: fonts-ipaexfont-mincho (already installed)
SKIP: fonts-ipafont-gothic (already installed)
SKIP: fonts-ipafont-mincho (already installed)
SKIP: fonts-junicode (already installed)
SKIP: fonts-lato (already installed)
SKIP: fonts-liberation (already installed)
SKIP: fonts-liberation2 (already installed)
SKIP: fonts-linuxlibertine (already installed)
SKIP: fonts-lmodern (already installed)
SKIP: fonts-lobster (already installed)
SKIP: fonts-lobstertwo (already installed)
SKIP: fonts-noto-cjk (already installed)
SKIP: fonts-noto-cjk-extra (already installed)
SKIP: fonts-noto-color-emoji (already installed)
SKIP: fonts-noto-core (already installed)
SKIP: fonts-noto-mono (already installed)
SKIP: fonts-noto-ui-core (already installed)
SKIP: fonts-oflb-asana-math (already installed)
SKIP: fonts-open-sans (already installed)
SKIP: fonts-roboto-unhinted (already installed)
SKIP: fonts-sil-charis (already installed)
SKIP: fonts-sil-gentium (already installed)
SKIP: fonts-sil-gentium-basic (already installed)
SKIP: fonts-sil-gentiumplus (already installed)
SKIP: fonts-sil-gentiumplus-compact (already installed)
SKIP: fonts-sil-padauk (already installed)
SKIP: fonts-stix (already installed)
SKIP: fonts-texgyre (already installed)
SKIP: fonts-tlwg-garuda (already installed)
SKIP: fonts-tlwg-garuda-otf (already installed)
SKIP: fonts-tlwg-kinnari (already installed)
SKIP: fonts-tlwg-kinnari-otf (already installed)
SKIP: fonts-tlwg-laksaman (already installed)
SKIP: fonts-tlwg-laksaman-otf (already installed)
SKIP: fonts-tlwg-loma (already installed)
SKIP: fonts-tlwg-loma-otf (already installed)
SKIP: fonts-tlwg-mono (already installed)
SKIP: fonts-tlwg-mono-otf (already installed)
SKIP: fonts-tlwg-norasi (already installed)
SKIP: fonts-tlwg-norasi-otf (already installed)
SKIP: fonts-tlwg-purisa (already installed)
SKIP: fonts-tlwg-purisa-otf (already installed)
SKIP: fonts-tlwg-sawasdee (already installed)
SKIP: fonts-tlwg-sawasdee-otf (already installed)
SKIP: fonts-tlwg-typewriter (already installed)
SKIP: fonts-tlwg-typewriter-otf (already installed)
SKIP: fonts-tlwg-typist (already installed)
SKIP: fonts-tlwg-typist-otf (already installed)
SKIP: fonts-tlwg-typo (already installed)
SKIP: fonts-tlwg-typo-otf (already installed)
SKIP: fonts-tlwg-umpush (already installed)
SKIP: fonts-tlwg-umpush-otf (already installed)
SKIP: fonts-tlwg-waree (already installed)
SKIP: fonts-tlwg-waree-otf (already installed)
SKIP: fonts-ubuntu (already installed)
SKIP: fonts-unfonts-core (already installed)
SKIP: fonts-unfonts-extra (already installed)
SKIP: fonts-urw-base35 (already installed)
SKIP: foomatic-db-compressed-ppds (already installed)
SKIP: fortune-mod (already installed)
SKIP: fortunes-min (already installed)
SKIP: fragmaster (already installed)
SKIP: freeglut3:amd64 (already installed)
SKIP: frei0r-plugins (already installed)
SKIP: friendly-recovery (already installed)
SKIP: fuse-overlayfs (already installed)
SKIP: fuse3 (already installed)
SKIP: fwupd (already installed)
SKIP: fwupd-signed (already installed)
SKIP: fwupd-unsigned (already installed)
SKIP: fzf (already installed)
SKIP: g++ (already installed)
SKIP: g++-11 (already installed)
SKIP: gamin (already installed)
SKIP: gawk (already installed)
SKIP: gcc (already installed)
SKIP: gcc-11 (already installed)
SKIP: gcc-11-base:amd64 (already installed)
SKIP: gcc-12 (already installed)
SKIP: gcc-12-base:amd64 (already installed)
SKIP: gcc-12-base:i386 (already installed)
SKIP: gcr (already installed)
SKIP: gdisk (already installed)
SKIP: gdm3 (already installed)
SKIP: geary (already installed)
SKIP: gedit (already installed)
SKIP: gedit-common (already installed)
SKIP: geoclue-2.0 (already installed)
SKIP: gettext (already installed)
SKIP: gettext-base (already installed)
SKIP: gh (already installed)
SKIP: ghostscript (already installed)
SKIP: ghostscript-x (already installed)
SKIP: gimp (already installed)
SKIP: gimp-data (already installed)
SKIP: gir1.2-accountsservice-1.0:amd64 (already installed)
SKIP: gir1.2-adw-1:amd64 (already installed)
SKIP: gir1.2-atk-1.0:amd64 (already installed)
SKIP: gir1.2-atspi-2.0:amd64 (already installed)
SKIP: gir1.2-ayatanaappindicator3-0.1 (already installed)
SKIP: gir1.2-clutter-1.0:amd64 (already installed)
SKIP: gir1.2-cogl-1.0:amd64 (already installed)
SKIP: gir1.2-coglpango-1.0:amd64 (already installed)
SKIP: gir1.2-flatpak-1.0:amd64 (already installed)
SKIP: gir1.2-freedesktop:amd64 (already installed)
SKIP: gir1.2-gck-1:amd64 (already installed)
SKIP: gir1.2-gcr-3:amd64 (already installed)
SKIP: gir1.2-gdata-0.0:amd64 (already installed)
SKIP: gir1.2-gdesktopenums-3.0:amd64 (already installed)
SKIP: gir1.2-gdkpixbuf-2.0:amd64 (already installed)
SKIP: gir1.2-gdm-1.0:amd64 (already installed)
SKIP: gir1.2-geoclue-2.0:amd64 (already installed)
SKIP: gir1.2-gexiv2-0.10:amd64 (already installed)
SKIP: gir1.2-glib-2.0:amd64 (already installed)
SKIP: gir1.2-gnomebluetooth-3.0:amd64 (already installed)
SKIP: gir1.2-gnomedesktop-3.0:amd64 (already installed)
SKIP: gir1.2-goa-1.0:amd64 (already installed)
SKIP: gir1.2-graphene-1.0:amd64 (already installed)
SKIP: gir1.2-gsound-1.0:amd64 (already installed)
SKIP: gir1.2-gstreamer-1.0:amd64 (already installed)
SKIP: gir1.2-gtk-3.0:amd64 (already installed)
SKIP: gir1.2-gtk-4.0:amd64 (already installed)
SKIP: gir1.2-gtk-vnc-2.0:amd64 (already installed)
SKIP: gir1.2-gtkclutter-1.0:amd64 (already installed)
SKIP: gir1.2-gtksource-4:amd64 (already installed)
SKIP: gir1.2-gweather-3.0:amd64 (already installed)
SKIP: gir1.2-handy-1:amd64 (already installed)
SKIP: gir1.2-harfbuzz-0.0:amd64 (already installed)
SKIP: gir1.2-ibus-1.0:amd64 (already installed)
SKIP: gir1.2-javascriptcoregtk-4.0:amd64 (already installed)
SKIP: gir1.2-json-1.0:amd64 (already installed)
SKIP: gir1.2-keybinder-3.0 (already installed)
SKIP: gir1.2-libosinfo-1.0:amd64 (already installed)
SKIP: gir1.2-libvirt-glib-1.0:amd64 (already installed)
SKIP: gir1.2-mutter-10:amd64 (already installed)
SKIP: gir1.2-nautilus-3.0:amd64 (already installed)
SKIP: gir1.2-nm-1.0:amd64 (already installed)
SKIP: gir1.2-nma-1.0:amd64 (already installed)
SKIP: gir1.2-notify-0.7:amd64 (already installed)
SKIP: gir1.2-ostree-1.0:amd64 (already installed)
SKIP: gir1.2-packagekitglib-1.0 (already installed)
SKIP: gir1.2-pango-1.0:amd64 (already installed)
SKIP: gir1.2-peas-1.0:amd64 (already installed)
SKIP: gir1.2-polkit-1.0 (already installed)
SKIP: gir1.2-rsvg-2.0:amd64 (already installed)
SKIP: gir1.2-secret-1:amd64 (already installed)
SKIP: gir1.2-soup-2.4:amd64 (already installed)
SKIP: gir1.2-spiceclientglib-2.0:amd64 (already installed)
SKIP: gir1.2-spiceclientgtk-3.0:amd64 (already installed)
SKIP: gir1.2-totem-1.0:amd64 (already installed)
SKIP: gir1.2-totemplparser-1.0:amd64 (already installed)
SKIP: gir1.2-upowerglib-1.0:amd64 (already installed)
SKIP: gir1.2-vte-2.91:amd64 (already installed)
SKIP: gir1.2-webkit2-4.0:amd64 (already installed)
SKIP: gir1.2-wnck-3.0:amd64 (already installed)
SKIP: git (already installed)
SKIP: git-man (already installed)
SKIP: gjs (already installed)
SKIP: gkbd-capplet (already installed)
SKIP: glib-networking:amd64 (already installed)
SKIP: glib-networking-common (already installed)
SKIP: glib-networking-services (already installed)
SKIP: gnome-accessibility-themes (already installed)
SKIP: gnome-bluetooth (already installed)
SKIP: gnome-bluetooth-3-common (already installed)
SKIP: gnome-bluetooth-common (already installed)
SKIP: gnome-calculator (already installed)
SKIP: gnome-calendar (already installed)
SKIP: gnome-contacts (already installed)
SKIP: gnome-control-center (already installed)
SKIP: gnome-control-center-data (already installed)
SKIP: gnome-control-center-faces (already installed)
SKIP: gnome-desktop3-data (already installed)
SKIP: gnome-disk-utility (already installed)
SKIP: gnome-font-viewer (already installed)
SKIP: gnome-keyring (already installed)
SKIP: gnome-keyring-pkcs11:amd64 (already installed)
SKIP: gnome-menus (already installed)
SKIP: gnome-online-accounts (already installed)
SKIP: gnome-online-miners (already installed)
SKIP: gnome-orca (already installed)
SKIP: gnome-power-manager (already installed)
SKIP: gnome-remote-desktop (already installed)
SKIP: gnome-session-bin (already installed)
SKIP: gnome-session-common (already installed)
SKIP: gnome-settings-daemon (already installed)
SKIP: gnome-settings-daemon-common (already installed)
SKIP: gnome-shell (already installed)
SKIP: gnome-shell-common (already installed)
SKIP: gnome-shell-extension-appindicator (already installed)
SKIP: gnome-shell-extension-cosmic-dock (already installed)
SKIP: gnome-shell-extension-cosmic-workspaces (already installed)
SKIP: gnome-shell-extension-desktop-icons-ng (already installed)
SKIP: gnome-shell-extension-gsconnect (already installed)
SKIP: gnome-shell-extension-pop-x11gestures (already installed)
SKIP: gnome-shell-extension-prefs (already installed)
SKIP: gnome-shell-extension-system76-power (already installed)
SKIP: gnome-startup-applications (already installed)
SKIP: gnome-system-monitor (already installed)
SKIP: gnome-terminal (already installed)
SKIP: gnome-terminal-data (already installed)
SKIP: gnome-themes-extra:amd64 (already installed)
SKIP: gnome-themes-extra-data (already installed)
SKIP: gnome-themes-standard (already installed)
SKIP: gnome-tweaks (already installed)
SKIP: gnome-user-docs (already installed)
SKIP: gnome-user-docs-de (already installed)
SKIP: gnome-user-docs-es (already installed)
SKIP: gnome-user-docs-fr (already installed)
SKIP: gnome-user-docs-it (already installed)
SKIP: gnome-user-docs-ja (already installed)
SKIP: gnome-user-docs-pt (already installed)
SKIP: gnome-user-docs-ru (already installed)
SKIP: gnome-user-docs-zh-hans (already installed)
SKIP: gnome-video-effects (already installed)
SKIP: gnome-weather (already installed)
SKIP: gnupg (already installed)
SKIP: gnupg-l10n (already installed)
SKIP: gnupg-utils (already installed)
SKIP: golang-github-containernetworking-plugin-dnsname (already installed)
SKIP: golang-github-containers-common (already installed)
SKIP: golang-github-containers-image (already installed)
SKIP: google-chrome-stable (already installed)
SKIP: gpg (already installed)
SKIP: gpg-agent (already installed)
SKIP: gpg-wks-client (already installed)
SKIP: gpg-wks-server (already installed)
SKIP: gpgconf (already installed)
SKIP: gpgsm (already installed)
SKIP: gpgv (already installed)
SKIP: graphviz (already installed)
SKIP: grep (already installed)
SKIP: grilo-plugins-0.3 (already installed)
SKIP: grilo-plugins-0.3-base:amd64 (already installed)
SKIP: grilo-plugins-0.3-extra:amd64 (already installed)
SKIP: groff-base (already installed)
SKIP: grub-common (already installed)
SKIP: grub-pc-bin (already installed)
SKIP: grub2-common (already installed)
SKIP: gsettings-desktop-schemas (already installed)
SKIP: gsfonts (already installed)
SKIP: gstreamer1.0-alsa:amd64 (already installed)
SKIP: gstreamer1.0-clutter-3.0:amd64 (already installed)
SKIP: gstreamer1.0-gl:amd64 (already installed)
SKIP: gstreamer1.0-gtk3:amd64 (already installed)
SKIP: gstreamer1.0-libav:amd64 (already installed)
SKIP: gstreamer1.0-pipewire:amd64 (already installed)
SKIP: gstreamer1.0-plugins-bad:amd64 (already installed)
SKIP: gstreamer1.0-plugins-base:amd64 (already installed)
SKIP: gstreamer1.0-plugins-base-apps (already installed)
SKIP: gstreamer1.0-plugins-good:amd64 (already installed)
SKIP: gstreamer1.0-plugins-ugly:amd64 (already installed)
SKIP: gstreamer1.0-pulseaudio:amd64 (already installed)
SKIP: gstreamer1.0-tools (already installed)
SKIP: gstreamer1.0-vaapi:amd64 (already installed)
SKIP: gstreamer1.0-x:amd64 (already installed)
SKIP: gtk-update-icon-cache (already installed)
SKIP: gtk2-engines-murrine:amd64 (already installed)
SKIP: gtk2-engines-pixbuf:amd64 (already installed)
SKIP: guake (already installed)
SKIP: gucharmap (already installed)
SKIP: guvcview (already installed)
SKIP: gvfs:amd64 (already installed)
SKIP: gvfs-backends (already installed)
SKIP: gvfs-common (already installed)
SKIP: gvfs-daemons (already installed)
SKIP: gvfs-fuse (already installed)
SKIP: gvfs-libs:amd64 (already installed)
SKIP: gzip (already installed)
SKIP: hdparm (already installed)
SKIP: hicolor-icon-theme (already installed)
SKIP: hidpi-daemon (already installed)
SKIP: hostname (already installed)
SKIP: humanity-icon-theme (already installed)
SKIP: hunspell-ar (already installed)
SKIP: hunspell-de-at-frami (already installed)
SKIP: hunspell-de-ch-frami (already installed)
SKIP: hunspell-de-de-frami (already installed)
SKIP: hunspell-en-au (already installed)
SKIP: hunspell-en-ca (already installed)
SKIP: hunspell-en-gb (already installed)
SKIP: hunspell-en-us (already installed)
SKIP: hunspell-en-za (already installed)
SKIP: hunspell-es (already installed)
SKIP: hunspell-fr (already installed)
SKIP: hunspell-fr-classical (already installed)
SKIP: hunspell-it (already installed)
SKIP: hunspell-pt-br (already installed)
SKIP: hunspell-pt-pt (already installed)
SKIP: hunspell-ru (already installed)
SKIP: hyphen-de (already installed)
SKIP: hyphen-en-ca (already installed)
SKIP: hyphen-en-gb (already installed)
SKIP: hyphen-en-us (already installed)
SKIP: hyphen-es (already installed)
SKIP: hyphen-fr (already installed)
SKIP: hyphen-it (already installed)
SKIP: hyphen-pt-br (already installed)
SKIP: hyphen-pt-pt (already installed)
SKIP: hyphen-ru (already installed)
SKIP: i965-va-driver:amd64 (already installed)
SKIP: i965-va-driver:i386 (already installed)
SKIP: ibus (already installed)
SKIP: ibus-chewing (already installed)
SKIP: ibus-data (already installed)
SKIP: ibus-gtk:amd64 (already installed)
SKIP: ibus-gtk3:amd64 (already installed)
SKIP: ibus-gtk4:amd64 (already installed)
SKIP: ibus-libpinyin (already installed)
SKIP: ibus-table (already installed)
SKIP: ibus-table-cangjie3 (already installed)
SKIP: ibus-table-cangjie5 (already installed)
SKIP: ibus-table-emoji (already installed)
SKIP: ibus-table-quick-classic (already installed)
SKIP: ibus-table-wubi (already installed)
SKIP: ibverbs-providers:amd64 (already installed)
SKIP: icu-devtools (already installed)
SKIP: ieee-data (already installed)
SKIP: ifupdown (already installed)
SKIP: iio-sensor-proxy (already installed)
SKIP: im-config (already installed)
SKIP: imagemagick (already installed)
SKIP: imagemagick-6-common (already installed)
SKIP: imagemagick-6.q16 (already installed)
SKIP: info (already installed)
SKIP: init (already installed)
SKIP: init-system-helpers (already installed)
SKIP: initramfs-tools (already installed)
SKIP: initramfs-tools-bin (already installed)
SKIP: initramfs-tools-core (already installed)
SKIP: inkscape (already installed)
SKIP: inputattach (already installed)
SKIP: install-info (already installed)
SKIP: intel-media-va-driver:amd64 (already installed)
SKIP: intel-media-va-driver:i386 (already installed)
SKIP: intel-microcode (already installed)
SKIP: ipp-usb (already installed)
SKIP: iproute2 (already installed)
SKIP: iptables (already installed)
SKIP: iputils-ping (already installed)
SKIP: iputils-tracepath (already installed)
SKIP: ipxe-qemu (already installed)
SKIP: ipxe-qemu-256k-compat-efi-roms (already installed)
SKIP: isc-dhcp-client (already installed)
SKIP: isc-dhcp-common (already installed)
SKIP: iso-codes (already installed)
SKIP: iucode-tool (already installed)
SKIP: java-common (already installed)
SKIP: javascript-common (already installed)
SKIP: jq (already installed)
SKIP: kbd (already installed)
SKIP: kernelstub (already installed)
SKIP: keyboard-configuration (already installed)
SKIP: keyutils (already installed)
SKIP: klibc-utils (already installed)
SKIP: kmod (already installed)
SKIP: krb5-locales (already installed)
SKIP: kwayland-data (already installed)
SKIP: kwayland-integration:amd64 (already installed)
SKIP: lacheck (already installed)
SKIP: language-pack-ar (already installed)
SKIP: language-pack-ar-base (already installed)
SKIP: language-pack-de (already installed)
SKIP: language-pack-de-base (already installed)
SKIP: language-pack-en (already installed)
SKIP: language-pack-en-base (already installed)
SKIP: language-pack-es (already installed)
SKIP: language-pack-es-base (already installed)
SKIP: language-pack-fr (already installed)
SKIP: language-pack-fr-base (already installed)
SKIP: language-pack-gnome-ar (already installed)
SKIP: language-pack-gnome-ar-base (already installed)
SKIP: language-pack-gnome-de (already installed)
SKIP: language-pack-gnome-de-base (already installed)
SKIP: language-pack-gnome-en (already installed)
SKIP: language-pack-gnome-en-base (already installed)
SKIP: language-pack-gnome-es (already installed)
SKIP: language-pack-gnome-es-base (already installed)
SKIP: language-pack-gnome-fr (already installed)
SKIP: language-pack-gnome-fr-base (already installed)
SKIP: language-pack-gnome-it (already installed)
SKIP: language-pack-gnome-it-base (already installed)
SKIP: language-pack-gnome-ja (already installed)
SKIP: language-pack-gnome-ja-base (already installed)
SKIP: language-pack-gnome-pt (already installed)
SKIP: language-pack-gnome-pt-base (already installed)
SKIP: language-pack-gnome-ru (already installed)
SKIP: language-pack-gnome-ru-base (already installed)
SKIP: language-pack-gnome-zh-hans (already installed)
SKIP: language-pack-gnome-zh-hans-base (already installed)
SKIP: language-pack-gnome-zh-hant (already installed)
SKIP: language-pack-gnome-zh-hant-base (already installed)
SKIP: language-pack-it (already installed)
SKIP: language-pack-it-base (already installed)
SKIP: language-pack-ja (already installed)
SKIP: language-pack-ja-base (already installed)
SKIP: language-pack-pt (already installed)
SKIP: language-pack-pt-base (already installed)
SKIP: language-pack-ru (already installed)
SKIP: language-pack-ru-base (already installed)
SKIP: language-pack-zh-hans (already installed)
SKIP: language-pack-zh-hans-base (already installed)
SKIP: language-pack-zh-hant (already installed)
SKIP: language-pack-zh-hant-base (already installed)
SKIP: language-selector-common (already installed)
SKIP: language-selector-gnome (already installed)
SKIP: laptop-detect (already installed)
SKIP: latex-cjk-all (already installed)
SKIP: latex-cjk-chinese (already installed)
SKIP: latex-cjk-chinese-arphic-bkai00mp (already installed)
SKIP: latex-cjk-chinese-arphic-bsmi00lp (already installed)
SKIP: latex-cjk-chinese-arphic-gbsn00lp (already installed)
SKIP: latex-cjk-chinese-arphic-gkai00mp (already installed)
SKIP: latex-cjk-common (already installed)
SKIP: latex-cjk-japanese (already installed)
SKIP: latex-cjk-japanese-wadalab (already installed)
SKIP: latex-cjk-korean (already installed)
SKIP: latex-cjk-thai (already installed)
SKIP: latexdiff (already installed)
SKIP: latexmk (already installed)
SKIP: lcdf-typetools (already installed)
SKIP: less (already installed)
SKIP: lib2geom1.1.0:amd64 (already installed)
SKIP: liba52-0.7.4:amd64 (already installed)
SKIP: libaa1:amd64 (already installed)
SKIP: libabsl20210324:amd64 (already installed)
SKIP: libaccountsservice0:amd64 (already installed)
SKIP: libacl1:amd64 (already installed)
SKIP: libadwaita-1-0:amd64 (already installed)
SKIP: libaio1:amd64 (already installed)
SKIP: libalgorithm-c3-perl (already installed)
SKIP: libalgorithm-diff-perl (already installed)
SKIP: libalgorithm-diff-xs-perl (already installed)
SKIP: libalgorithm-merge-perl (already installed)
SKIP: libamd2:amd64 (already installed)
SKIP: libann0 (already installed)
SKIP: libao-common (already installed)
SKIP: libao4:amd64 (already installed)
SKIP: libaom3:amd64 (already installed)
SKIP: libapache-pom-java (already installed)
SKIP: libapparmor1:amd64 (already installed)
SKIP: libapparmor1:i386 (already installed)
SKIP: libappstream4:amd64 (already installed)
SKIP: libapt-pkg6.0:amd64 (already installed)
SKIP: libarchive-zip-perl (already installed)
SKIP: libarchive13:amd64 (already installed)
SKIP: libargon2-1:amd64 (already installed)
SKIP: libaribb24-0:amd64 (already installed)
SKIP: libasan6:amd64 (already installed)
SKIP: libasan8:amd64 (already installed)
SKIP: libasound2:amd64 (already installed)
SKIP: libasound2:i386 (already installed)
SKIP: libasound2-data (already installed)
SKIP: libasound2-plugins:amd64 (already installed)
SKIP: libasound2-plugins:i386 (already installed)
SKIP: libaspell15:amd64 (already installed)
SKIP: libass9:amd64 (already installed)
SKIP: libassuan0:amd64 (already installed)
SKIP: libasyncns0:amd64 (already installed)
SKIP: libasyncns0:i386 (already installed)
SKIP: libatasmart4:amd64 (already installed)
SKIP: libatk-adaptor:amd64 (already installed)
SKIP: libatk-bridge2.0-0:amd64 (already installed)
SKIP: libatk-wrapper-java (already installed)
SKIP: libatk-wrapper-java-jni:amd64 (already installed)
SKIP: libatk1.0-0:amd64 (already installed)
SKIP: libatk1.0-data (already installed)
SKIP: libatkmm-1.6-1v5:amd64 (already installed)
SKIP: libatm1:amd64 (already installed)
SKIP: libatomic1:amd64 (already installed)
SKIP: libatomic1:i386 (already installed)
SKIP: libatopology2:amd64 (already installed)
SKIP: libatspi2.0-0:amd64 (already installed)
SKIP: libattr1:amd64 (already installed)
SKIP: libaudit-common (already installed)
SKIP: libaudit1:amd64 (already installed)
SKIP: libauthen-sasl-perl (already installed)
SKIP: libautovivification-perl (already installed)
SKIP: libavahi-client3:amd64 (already installed)
SKIP: libavahi-common-data:amd64 (already installed)
SKIP: libavahi-common3:amd64 (already installed)
SKIP: libavahi-core7:amd64 (already installed)
SKIP: libavahi-glib1:amd64 (already installed)
SKIP: libavc1394-0:amd64 (already installed)
SKIP: libavcodec-extra:amd64 (already installed)
SKIP: libavcodec-extra58:amd64 (already installed)
SKIP: libavdevice58:amd64 (already installed)
SKIP: libavfilter7:amd64 (already installed)
SKIP: libavformat58:amd64 (already installed)
SKIP: libavif-gdk-pixbuf:amd64 (already installed)
SKIP: libavif13:amd64 (already installed)
SKIP: libavutil56:amd64 (already installed)
SKIP: libayatana-appindicator3-1 (already installed)
SKIP: libayatana-ido3-0.4-0:amd64 (already installed)
SKIP: libayatana-indicator3-7:amd64 (already installed)
SKIP: libb-hooks-endofscope-perl (already installed)
SKIP: libb-hooks-op-check-perl (already installed)
SKIP: libbabl-0.1-0:amd64 (already installed)
SKIP: libbinutils:amd64 (already installed)
SKIP: libblas3:amd64 (already installed)
SKIP: libblkid-dev:amd64 (already installed)
SKIP: libblkid1:amd64 (already installed)
SKIP: libblkid1:i386 (already installed)
SKIP: libblockdev-crypto2:amd64 (already installed)
SKIP: libblockdev-fs2:amd64 (already installed)
SKIP: libblockdev-loop2:amd64 (already installed)
SKIP: libblockdev-mdraid2:amd64 (already installed)
SKIP: libblockdev-part-err2:amd64 (already installed)
SKIP: libblockdev-part2:amd64 (already installed)
SKIP: libblockdev-swap2:amd64 (already installed)
SKIP: libblockdev-utils2:amd64 (already installed)
SKIP: libblockdev2:amd64 (already installed)
SKIP: libbluetooth3:amd64 (already installed)
SKIP: libbluray2:amd64 (already installed)
SKIP: libboost-filesystem1.74.0:amd64 (already installed)
SKIP: libboost-iostreams1.74.0:amd64 (already installed)
SKIP: libboost-thread1.74.0:amd64 (already installed)
SKIP: libbpf0:amd64 (already installed)
SKIP: libbpfcc (already installed)
SKIP: libbrlapi0.8:amd64 (already installed)
SKIP: libbrotli1:amd64 (already installed)
SKIP: libbrotli1:i386 (already installed)
SKIP: libbs2b0:amd64 (already installed)
SKIP: libbsd0:amd64 (already installed)
SKIP: libbsd0:i386 (already installed)
SKIP: libbtparse2 (already installed)
SKIP: libburn4:amd64 (already installed)
SKIP: libbusiness-isbn-data-perl (already installed)
SKIP: libbusiness-isbn-perl (already installed)
SKIP: libbusiness-ismn-perl (already installed)
SKIP: libbusiness-issn-perl (already installed)
SKIP: libbytesize-common (already installed)
SKIP: libbytesize1:amd64 (already installed)
SKIP: libbz2-1.0:amd64 (already installed)
SKIP: libc-bin (already installed)
SKIP: libc-dev-bin (already installed)
SKIP: libc-devtools (already installed)
SKIP: libc6:amd64 (already installed)
SKIP: libc6:i386 (already installed)
SKIP: libc6-dev:amd64 (already installed)
SKIP: libcaca0:amd64 (already installed)
SKIP: libcacard0:amd64 (already installed)
SKIP: libcairo-gobject-perl:amd64 (already installed)
SKIP: libcairo-gobject2:amd64 (already installed)
SKIP: libcairo-perl:amd64 (already installed)
SKIP: libcairo-script-interpreter2:amd64 (already installed)
SKIP: libcairo2:amd64 (already installed)
SKIP: libcairo2:i386 (already installed)
SKIP: libcairomm-1.0-1v5:amd64 (already installed)
SKIP: libcamd2:amd64 (already installed)
SKIP: libcamel-1.2-63:amd64 (already installed)
SKIP: libcanberra-gtk-module:amd64 (already installed)
SKIP: libcanberra-gtk0:amd64 (already installed)
SKIP: libcanberra-gtk3-0:amd64 (already installed)
SKIP: libcanberra-gtk3-module:amd64 (already installed)
SKIP: libcanberra-pulse:amd64 (already installed)
SKIP: libcanberra0:amd64 (already installed)
SKIP: libcap-ng0:amd64 (already installed)
SKIP: libcap2:amd64 (already installed)
SKIP: libcap2:i386 (already installed)
SKIP: libcap2-bin (already installed)
SKIP: libcbor0.8:amd64 (already installed)
SKIP: libcc1-0:amd64 (already installed)
SKIP: libccolamd2:amd64 (already installed)
SKIP: libcddb2 (already installed)
SKIP: libcdio-cdda2:amd64 (already installed)
SKIP: libcdio-paranoia2:amd64 (already installed)
SKIP: libcdio19:amd64 (already installed)
SKIP: libcdparanoia0:amd64 (already installed)
SKIP: libcdr-0.1-1:amd64 (already installed)
SKIP: libcdt5:amd64 (already installed)
SKIP: libcephfs2 (already installed)
SKIP: libcgraph6:amd64 (already installed)
SKIP: libcheese-gtk25:amd64 (already installed)
SKIP: libcheese8:amd64 (already installed)
SKIP: libchewing3:amd64 (already installed)
SKIP: libchewing3-data (already installed)
SKIP: libcholmod3:amd64 (already installed)
SKIP: libchromaprint1:amd64 (already installed)
SKIP: libclang-cpp11 (already installed)
SKIP: libclass-accessor-perl (already installed)
SKIP: libclass-c3-perl (already installed)
SKIP: libclass-c3-xs-perl (already installed)
SKIP: libclass-data-inheritable-perl (already installed)
SKIP: libclass-inspector-perl (already installed)
SKIP: libclass-method-modifiers-perl (already installed)
SKIP: libclass-singleton-perl (already installed)
SKIP: libclass-xsaccessor-perl (already installed)
SKIP: libclone-perl (already installed)
SKIP: libclutter-1.0-0:amd64 (already installed)
SKIP: libclutter-1.0-common (already installed)
SKIP: libclutter-gst-3.0-0:amd64 (already installed)
SKIP: libclutter-gtk-1.0-0:amd64 (already installed)
SKIP: libcmark-gfm-extensions0.29.0.gfm.3:amd64 (already installed)
SKIP: libcmark-gfm0.29.0.gfm.3:amd64 (already installed)
SKIP: libcodec2-1.0:amd64 (already installed)
SKIP: libcogl-common (already installed)
SKIP: libcogl-pango20:amd64 (already installed)
SKIP: libcogl-path20:amd64 (already installed)
SKIP: libcogl20:amd64 (already installed)
SKIP: libcolamd2:amd64 (already installed)
SKIP: libcolord-gtk1:amd64 (already installed)
SKIP: libcolord2:amd64 (already installed)
SKIP: libcolorhug2:amd64 (already installed)
SKIP: libcom-err2:amd64 (already installed)
SKIP: libcom-err2:i386 (already installed)
SKIP: libcommon-sense-perl:amd64 (already installed)
SKIP: libcommons-logging-java (already installed)
SKIP: libcommons-parent-java (already installed)
SKIP: libconfig++9v5:amd64 (already installed)
SKIP: libcrack2:amd64 (already installed)
SKIP: libcrypt-dev:amd64 (already installed)
SKIP: libcrypt1:amd64 (already installed)
SKIP: libcrypt1:i386 (already installed)
SKIP: libcryptsetup12:amd64 (already installed)
SKIP: libctf-nobfd0:amd64 (already installed)
SKIP: libctf0:amd64 (already installed)
SKIP: libcue2:amd64 (already installed)
SKIP: libcups2:amd64 (already installed)
SKIP: libcupsfilters1:amd64 (already installed)
SKIP: libcupsimage2:amd64 (already installed)
SKIP: libcurl3-gnutls:amd64 (already installed)
SKIP: libcurl4:amd64 (already installed)
SKIP: libdaemon0:amd64 (already installed)
SKIP: libdata-compare-perl (already installed)
SKIP: libdata-dump-perl (already installed)
SKIP: libdata-optlist-perl (already installed)
SKIP: libdata-uniqid-perl (already installed)
SKIP: libdate-simple-perl (already installed)
SKIP: libdatetime-calendar-julian-perl (already installed)
SKIP: libdatetime-format-builder-perl (already installed)
SKIP: libdatetime-format-strptime-perl (already installed)
SKIP: libdatetime-locale-perl (already installed)
SKIP: libdatetime-perl:amd64 (already installed)
SKIP: libdatetime-timezone-perl (already installed)
SKIP: libdatrie1:amd64 (already installed)
SKIP: libdatrie1:i386 (already installed)
SKIP: libdav1d5:amd64 (already installed)
SKIP: libdaxctl1:amd64 (already installed)
SKIP: libdazzle-1.0-0:amd64 (already installed)
SKIP: libdazzle-common (already installed)
SKIP: libdb5.3:amd64 (already installed)
SKIP: libdb5.3:i386 (already installed)
SKIP: libdbus-1-3:amd64 (already installed)
SKIP: libdbus-1-3:i386 (already installed)
SKIP: libdbus-glib-1-2:amd64 (already installed)
SKIP: libdbusmenu-glib4:amd64 (already installed)
SKIP: libdbusmenu-gtk3-4:amd64 (already installed)
SKIP: libdbusmenu-qt5-2:amd64 (already installed)
SKIP: libdc1394-25:amd64 (already installed)
SKIP: libdca0:amd64 (already installed)
SKIP: libdconf1:amd64 (already installed)
SKIP: libde265-0:amd64 (already installed)
SKIP: libdebconfclient0:amd64 (already installed)
SKIP: libdecor-0-0:amd64 (already installed)
SKIP: libdecor-0-0:i386 (already installed)
SKIP: libdecor-0-plugin-1-cairo:amd64 (already installed)
SKIP: libdecor-0-plugin-1-cairo:i386 (already installed)
SKIP: libdee-1.0-4:amd64 (already installed)
SKIP: libdeflate0:amd64 (already installed)
SKIP: libdevel-callchecker-perl (already installed)
SKIP: libdevel-caller-perl (already installed)
SKIP: libdevel-globaldestruction-perl (already installed)
SKIP: libdevel-lexalias-perl (already installed)
SKIP: libdevel-stacktrace-perl (already installed)
SKIP: libdevmapper-event1.02.1:amd64 (already installed)
SKIP: libdevmapper1.02.1:amd64 (already installed)
SKIP: libdist-checkconflicts-perl (already installed)
SKIP: libdjvulibre-text (already installed)
SKIP: libdjvulibre21:amd64 (already installed)
SKIP: libdleyna-connector-dbus-1.0-1:amd64 (already installed)
SKIP: libdleyna-core-1.0-5:amd64 (already installed)
SKIP: libdmapsharing-3.0-2:amd64 (already installed)
SKIP: libdns-export1110 (already installed)
SKIP: libdotconf0:amd64 (already installed)
SKIP: libdouble-conversion3:amd64 (already installed)
SKIP: libdpkg-perl (already installed)
SKIP: libdrm-amdgpu1:amd64 (already installed)
SKIP: libdrm-amdgpu1:i386 (already installed)
SKIP: libdrm-common (already installed)
SKIP: libdrm-intel1:amd64 (already installed)
SKIP: libdrm-intel1:i386 (already installed)
SKIP: libdrm-nouveau2:amd64 (already installed)
SKIP: libdrm-radeon1:amd64 (already installed)
SKIP: libdrm2:amd64 (already installed)
SKIP: libdrm2:i386 (already installed)
SKIP: libdv4:amd64 (already installed)
SKIP: libdvbpsi10:amd64 (already installed)
SKIP: libdvdnav4:amd64 (already installed)
SKIP: libdvdread8:amd64 (already installed)
SKIP: libdw1:amd64 (already installed)
SKIP: libdynaloader-functions-perl (already installed)
SKIP: libebackend-1.2-10:amd64 (already installed)
SKIP: libebml5:amd64 (already installed)
SKIP: libebook-1.2-20:amd64 (already installed)
SKIP: libebook-contacts-1.2-3:amd64 (already installed)
SKIP: libecal-2.0-1:amd64 (already installed)
SKIP: libedata-book-1.2-26:amd64 (already installed)
SKIP: libedata-cal-2.0-1:amd64 (already installed)
SKIP: libedataserver-1.2-26:amd64 (already installed)
SKIP: libedataserverui-1.2-3:amd64 (already installed)
SKIP: libedit2:amd64 (already installed)
SKIP: libedit2:i386 (already installed)
SKIP: libefiboot1:amd64 (already installed)
SKIP: libefivar1:amd64 (already installed)
SKIP: libegl-mesa0:amd64 (already installed)
SKIP: libegl-mesa0:i386 (already installed)
SKIP: libegl1:amd64 (already installed)
SKIP: libegl1:i386 (already installed)
SKIP: libelf1:amd64 (already installed)
SKIP: libelf1:i386 (already installed)
SKIP: libemail-date-format-perl (already installed)
SKIP: libemf1:amd64 (already installed)
SKIP: libenchant-2-2:amd64 (already installed)
SKIP: libencode-eucjpms-perl (already installed)
SKIP: libencode-hanextra-perl (already installed)
SKIP: libencode-jis2k-perl (already installed)
SKIP: libencode-locale-perl (already installed)
SKIP: libencode-perl:amd64 (already installed)
SKIP: libepoxy0:amd64 (already installed)
SKIP: liberror-perl (already installed)
SKIP: libespeak-ng1:amd64 (already installed)
SKIP: libestr0:amd64 (already installed)
SKIP: libeval-closure-perl (already installed)
SKIP: libevdev2:amd64 (already installed)
SKIP: libevdocument3-4:amd64 (already installed)
SKIP: libevemu3:amd64 (already installed)
SKIP: libevent-core-2.1-7:amd64 (already installed)
SKIP: libevview3-3:amd64 (already installed)
SKIP: libexception-class-perl (already installed)
SKIP: libexempi8:amd64 (already installed)
SKIP: libexif12:amd64 (already installed)
SKIP: libexiv2-27:amd64 (already installed)
SKIP: libexpat1:amd64 (already installed)
SKIP: libexpat1:i386 (already installed)
SKIP: libexpat1-dev:amd64 (already installed)
SKIP: libexporter-tiny-perl (already installed)
SKIP: libext2fs2:amd64 (already installed)
SKIP: libextutils-depends-perl (already installed)
SKIP: libfaad2:amd64 (already installed)
SKIP: libfakeroot:amd64 (already installed)
SKIP: libfastjson4:amd64 (already installed)
SKIP: libfdisk1:amd64 (already installed)
SKIP: libfdk-aac2:amd64 (already installed)
SKIP: libfdt1:amd64 (already installed)
SKIP: libffado2:amd64 (already installed)
SKIP: libffi-dev:amd64 (already installed)
SKIP: libffi8:amd64 (already installed)
SKIP: libffi8:i386 (already installed)
SKIP: libfftw3-double3:amd64 (already installed)
SKIP: libfftw3-single3:amd64 (already installed)
SKIP: libfido2-1:amd64 (already installed)
SKIP: libfile-basedir-perl (already installed)
SKIP: libfile-desktopentry-perl (already installed)
SKIP: libfile-fcntllock-perl (already installed)
SKIP: libfile-find-rule-perl (already installed)
SKIP: libfile-homedir-perl (already installed)
SKIP: libfile-listing-perl (already installed)
SKIP: libfile-mimeinfo-perl (already installed)
SKIP: libfile-sharedir-perl (already installed)
SKIP: libfile-slurper-perl (already installed)
SKIP: libfile-which-perl (already installed)
SKIP: libfirmware-manager (already installed)
SKIP: libflac8:amd64 (already installed)
SKIP: libflac8:i386 (already installed)
SKIP: libflashrom1:amd64 (already installed)
SKIP: libflatpak-dev:amd64 (already installed)
SKIP: libflatpak0:amd64 (already installed)
SKIP: libflite1:amd64 (already installed)
SKIP: libfluidsynth3:amd64 (already installed)
SKIP: libfolks-eds26:amd64 (already installed)
SKIP: libfolks26:amd64 (already installed)
SKIP: libfont-afm-perl (already installed)
SKIP: libfontbox-java (already installed)
SKIP: libfontconfig1:amd64 (already installed)
SKIP: libfontconfig1:i386 (already installed)
SKIP: libfontembed1:amd64 (already installed)
SKIP: libfontenc1:amd64 (already installed)
SKIP: libfreeaptx0:amd64 (already installed)
SKIP: libfreerdp-client2-2:amd64 (already installed)
SKIP: libfreerdp-server2-2:amd64 (already installed)
SKIP: libfreerdp2-2:amd64 (already installed)
SKIP: libfreetype6:amd64 (already installed)
SKIP: libfreetype6:i386 (already installed)
SKIP: libfribidi0:amd64 (already installed)
SKIP: libfribidi0:i386 (already installed)
SKIP: libftdi1-2:amd64 (already installed)
SKIP: libfuse2:amd64 (already installed)
SKIP: libfuse3-3:amd64 (already installed)
SKIP: libfwupd2:amd64 (already installed)
SKIP: libfwupdplugin5 (already installed)
SKIP: libgail-common:amd64 (already installed)
SKIP: libgail18:amd64 (already installed)
SKIP: libgamin0 (already installed)
SKIP: libgav1-0:amd64 (already installed)
SKIP: libgavl2:amd64 (already installed)
SKIP: libgbm1:amd64 (already installed)
SKIP: libgbm1:i386 (already installed)
SKIP: libgc1:amd64 (already installed)
SKIP: libgcab-1.0-0:amd64 (already installed)
SKIP: libgcc-11-dev:amd64 (already installed)
SKIP: libgcc-12-dev:amd64 (already installed)
SKIP: libgcc-s1:amd64 (already installed)
SKIP: libgcc-s1:i386 (already installed)
SKIP: libgck-1-0:amd64 (already installed)
SKIP: libgcr-base-3-1:amd64 (already installed)
SKIP: libgcr-ui-3-1:amd64 (already installed)
SKIP: libgcrypt20:amd64 (already installed)
SKIP: libgcrypt20:i386 (already installed)
SKIP: libgd3:amd64 (already installed)
SKIP: libgdata-common (already installed)
SKIP: libgdata22:amd64 (already installed)
SKIP: libgdbm-compat4:amd64 (already installed)
SKIP: libgdbm6:amd64 (already installed)
SKIP: libgdk-pixbuf-2.0-0:amd64 (already installed)
SKIP: libgdk-pixbuf-xlib-2.0-0:amd64 (already installed)
SKIP: libgdk-pixbuf2.0-0:amd64 (already installed)
SKIP: libgdk-pixbuf2.0-bin (already installed)
SKIP: libgdk-pixbuf2.0-common (already installed)
SKIP: libgdm1 (already installed)
SKIP: libgee-0.8-2:amd64 (already installed)
SKIP: libgegl-0.4-0:amd64 (already installed)
SKIP: libgegl-common (already installed)
SKIP: libgeoclue-2-0:amd64 (already installed)
SKIP: libgeocode-glib0:amd64 (already installed)
SKIP: libgexiv2-2:amd64 (already installed)
SKIP: libgfapi0:amd64 (already installed)
SKIP: libgfbgraph-0.2-0:amd64 (already installed)
SKIP: libgfortran5:amd64 (already installed)
SKIP: libgfrpc0:amd64 (already installed)
SKIP: libgfxdr0:amd64 (already installed)
SKIP: libgif7:amd64 (already installed)
SKIP: libgimp2.0:amd64 (already installed)
SKIP: libgirepository-1.0-1:amd64 (already installed)
SKIP: libgjs0g:amd64 (already installed)
SKIP: libgl1:amd64 (already installed)
SKIP: libgl1:i386 (already installed)
SKIP: libgl1-mesa-dri:amd64 (already installed)
SKIP: libgl1-mesa-dri:i386 (already installed)
SKIP: libgles2:amd64 (already installed)
SKIP: libglew2.2:amd64 (already installed)
SKIP: libglib-object-introspection-perl (already installed)
SKIP: libglib-perl:amd64 (already installed)
SKIP: libglib2.0-0:amd64 (already installed)
SKIP: libglib2.0-0:i386 (already installed)
SKIP: libglib2.0-bin (already installed)
SKIP: libglib2.0-data (already installed)
SKIP: libglib2.0-dev:amd64 (already installed)
SKIP: libglib2.0-dev-bin (already installed)
SKIP: libglibmm-2.4-1v5:amd64 (already installed)
SKIP: libglu1-mesa:amd64 (already installed)
SKIP: libglusterfs0:amd64 (already installed)
SKIP: libglvnd0:amd64 (already installed)
SKIP: libglvnd0:i386 (already installed)
SKIP: libglx-mesa0:amd64 (already installed)
SKIP: libglx-mesa0:i386 (already installed)
SKIP: libglx0:amd64 (already installed)
SKIP: libglx0:i386 (already installed)
SKIP: libgme0:amd64 (already installed)
SKIP: libgmime-3.0-0:amd64 (already installed)
SKIP: libgmp10:amd64 (already installed)
SKIP: libgmp10:i386 (already installed)
SKIP: libgnome-autoar-0-0:amd64 (already installed)
SKIP: libgnome-bg-4-1:amd64 (already installed)
SKIP: libgnome-bluetooth-3.0-13:amd64 (already installed)
SKIP: libgnome-bluetooth13:amd64 (already installed)
SKIP: libgnome-desktop-3-19:amd64 (already installed)
SKIP: libgnome-desktop-4-1:amd64 (already installed)
SKIP: libgnomekbd-common (already installed)
SKIP: libgnomekbd8:amd64 (already installed)
SKIP: libgnutls30:amd64 (already installed)
SKIP: libgnutls30:i386 (already installed)
SKIP: libgoa-1.0-0b:amd64 (already installed)
SKIP: libgoa-1.0-common (already installed)
SKIP: libgoa-backend-1.0-1:amd64 (already installed)
SKIP: libgom-1.0-0:amd64 (already installed)
SKIP: libgomp1:amd64 (already installed)
SKIP: libgovirt-common (already installed)
SKIP: libgovirt2:amd64 (already installed)
SKIP: libgpg-error-l10n (already installed)
SKIP: libgpg-error0:amd64 (already installed)
SKIP: libgpg-error0:i386 (already installed)
SKIP: libgpgme11:amd64 (already installed)
SKIP: libgpgmepp6:amd64 (already installed)
SKIP: libgphoto2-6:amd64 (already installed)
SKIP: libgphoto2-l10n (already installed)
SKIP: libgphoto2-port12:amd64 (already installed)
SKIP: libgpm2:amd64 (already installed)
SKIP: libgranite-common (already installed)
SKIP: libgranite6:amd64 (already installed)
SKIP: libgraphene-1.0-0:amd64 (already installed)
SKIP: libgraphite2-3:amd64 (already installed)
SKIP: libgraphite2-3:i386 (already installed)
SKIP: libgrilo-0.3-0:amd64 (already installed)
SKIP: libgs9:amd64 (already installed)
SKIP: libgs9-common (already installed)
SKIP: libgsf-1-114:amd64 (already installed)
SKIP: libgsf-1-common (already installed)
SKIP: libgsl27:amd64 (already installed)
SKIP: libgslcblas0:amd64 (already installed)
SKIP: libgsm1:amd64 (already installed)
SKIP: libgsound0:amd64 (already installed)
SKIP: libgspell-1-2:amd64 (already installed)
SKIP: libgspell-1-common (already installed)
SKIP: libgssapi-krb5-2:amd64 (already installed)
SKIP: libgssapi-krb5-2:i386 (already installed)
SKIP: libgssdp-1.2-0:amd64 (already installed)
SKIP: libgstreamer-gl1.0-0:amd64 (already installed)
SKIP: libgstreamer-plugins-bad1.0-0:amd64 (already installed)
SKIP: libgstreamer-plugins-base1.0-0:amd64 (already installed)
SKIP: libgstreamer-plugins-good1.0-0:amd64 (already installed)
SKIP: libgstreamer1.0-0:amd64 (already installed)
SKIP: libgtk-3-0:amd64 (already installed)
SKIP: libgtk-3-bin (already installed)
SKIP: libgtk-3-common (already installed)
SKIP: libgtk-4-1:amd64 (already installed)
SKIP: libgtk-4-bin (already installed)
SKIP: libgtk-4-common (already installed)
SKIP: libgtk-vnc-2.0-0:amd64 (already installed)
SKIP: libgtk2.0-0:amd64 (already installed)
SKIP: libgtk2.0-bin (already installed)
SKIP: libgtk2.0-common (already installed)
SKIP: libgtk3-perl (already installed)
SKIP: libgtkmm-3.0-1v5:amd64 (already installed)
SKIP: libgtksourceview-4-0:amd64 (already installed)
SKIP: libgtksourceview-4-common (already installed)
SKIP: libgtop-2.0-11:amd64 (already installed)
SKIP: libgtop2-common (already installed)
SKIP: libgts-0.7-5:amd64 (already installed)
SKIP: libgts-bin (already installed)
SKIP: libgucharmap-2-90-7:amd64 (already installed)
SKIP: libgudev-1.0-0:amd64 (already installed)
SKIP: libgupnp-1.2-1:amd64 (already installed)
SKIP: libgupnp-av-1.0-3 (already installed)
SKIP: libgupnp-dlna-2.0-4 (already installed)
SKIP: libgupnp-igd-1.0-4:amd64 (already installed)
SKIP: libgusb2:amd64 (already installed)
SKIP: libgutenprint-common (already installed)
SKIP: libgutenprint9 (already installed)
SKIP: libguvcview-2.0-2:amd64 (already installed)
SKIP: libgvc6 (already installed)
SKIP: libgvnc-1.0-0:amd64 (already installed)
SKIP: libgvpr2:amd64 (already installed)
SKIP: libgweather-3-16:amd64 (already installed)
SKIP: libgweather-4-0:amd64 (already installed)
SKIP: libgweather-4-common (already installed)
SKIP: libgweather-common (already installed)
SKIP: libgxps2:amd64 (already installed)
SKIP: libhandy-1-0:amd64 (already installed)
SKIP: libharfbuzz-icu0:amd64 (already installed)
SKIP: libharfbuzz0b:amd64 (already installed)
SKIP: libharfbuzz0b:i386 (already installed)
SKIP: libheif1:amd64 (already installed)
SKIP: libhogweed6:amd64 (already installed)
SKIP: libhogweed6:i386 (already installed)
SKIP: libhpmud0:amd64 (already installed)
SKIP: libhtml-form-perl (already installed)
SKIP: libhtml-format-perl (already installed)
SKIP: libhtml-parser-perl:amd64 (already installed)
SKIP: libhtml-tagset-perl (already installed)
SKIP: libhtml-tree-perl (already installed)
SKIP: libhttp-cookies-perl (already installed)
SKIP: libhttp-daemon-perl (already installed)
SKIP: libhttp-date-perl (already installed)
SKIP: libhttp-message-perl (already installed)
SKIP: libhttp-negotiate-perl (already installed)
SKIP: libhunspell-1.7-0:amd64 (already installed)
SKIP: libhyphen0:amd64 (already installed)
SKIP: libibus-1.0-5:amd64 (already installed)
SKIP: libibverbs1:amd64 (already installed)
SKIP: libical3:amd64 (already installed)
SKIP: libice6:amd64 (already installed)
SKIP: libicu-dev:amd64 (already installed)
SKIP: libicu70:amd64 (already installed)
SKIP: libicu70:i386 (already installed)
SKIP: libidn12:amd64 (already installed)
SKIP: libidn2-0:amd64 (already installed)
SKIP: libidn2-0:i386 (already installed)
SKIP: libiec61883-0:amd64 (already installed)
SKIP: libieee1284-3:amd64 (already installed)
SKIP: libigdgmm12:amd64 (already installed)
SKIP: libigdgmm12:i386 (already installed)
SKIP: libijs-0.35:amd64 (already installed)
SKIP: libilmbase25:amd64 (already installed)
SKIP: libimage-exiftool-perl (already installed)
SKIP: libimage-magick-perl (already installed)
SKIP: libimage-magick-q16-perl (already installed)
SKIP: libimagequant0:amd64 (already installed)
SKIP: libimobiledevice6:amd64 (already installed)
SKIP: libinput-bin (already installed)
SKIP: libinput10:amd64 (already installed)
SKIP: libinstpatch-1.0-2:amd64 (already installed)
SKIP: libio-html-perl (already installed)
SKIP: libio-socket-ssl-perl (already installed)
SKIP: libio-stringy-perl (already installed)
SKIP: libip4tc2:amd64 (already installed)
SKIP: libip6tc2:amd64 (already installed)
SKIP: libipc-run3-perl (already installed)
SKIP: libipc-shareable-perl (already installed)
SKIP: libipc-system-simple-perl (already installed)
SKIP: libisc-export1105:amd64 (already installed)
SKIP: libiscsi7:amd64 (already installed)
SKIP: libisl23:amd64 (already installed)
SKIP: libisoburn1:amd64 (already installed)
SKIP: libisofs6:amd64 (already installed)
SKIP: libitm1:amd64 (already installed)
SKIP: libiw30:amd64 (already installed)
SKIP: libixml10:amd64 (already installed)
SKIP: libjack-jackd2-0:amd64 (already installed)
SKIP: libjack-jackd2-0:i386 (already installed)
SKIP: libjansson4:amd64 (already installed)
SKIP: libjavascriptcoregtk-4.0-18:amd64 (already installed)
SKIP: libjbig0:amd64 (already installed)
SKIP: libjbig2dec0:amd64 (already installed)
SKIP: libjcat1:amd64 (already installed)
SKIP: libjpeg-dev:amd64 (already installed)
SKIP: libjpeg-turbo8:amd64 (already installed)
SKIP: libjpeg-turbo8-dev:amd64 (already installed)
SKIP: libjpeg8:amd64 (already installed)
SKIP: libjpeg8-dev:amd64 (already installed)
SKIP: libjq1:amd64 (already installed)
SKIP: libjs-jquery (already installed)
SKIP: libjs-sphinxdoc (already installed)
SKIP: libjs-underscore (already installed)
SKIP: libjson-c5:amd64 (already installed)
SKIP: libjson-glib-1.0-0:amd64 (already installed)
SKIP: libjson-glib-1.0-common (already installed)
SKIP: libjson-perl (already installed)
SKIP: libjson-xs-perl (already installed)
SKIP: libjsoncpp25:amd64 (already installed)
SKIP: libjte2:amd64 (already installed)
SKIP: libjxr-tools (already installed)
SKIP: libjxr0:amd64 (already installed)
SKIP: libk5crypto3:amd64 (already installed)
SKIP: libk5crypto3:i386 (already installed)
SKIP: libkate1:amd64 (already installed)
SKIP: libkeybinder-3.0-0:amd64 (already installed)
SKIP: libkeyutils1:amd64 (already installed)
SKIP: libkeyutils1:i386 (already installed)
SKIP: libkf5auth-data (already installed)
SKIP: libkf5authcore5:amd64 (already installed)
SKIP: libkf5codecs-data (already installed)
SKIP: libkf5codecs5:amd64 (already installed)
SKIP: libkf5config-bin (already installed)
SKIP: libkf5config-data (already installed)
SKIP: libkf5configcore5:amd64 (already installed)
SKIP: libkf5configgui5:amd64 (already installed)
SKIP: libkf5configwidgets-data (already installed)
SKIP: libkf5configwidgets5:amd64 (already installed)
SKIP: libkf5coreaddons-data (already installed)
SKIP: libkf5coreaddons5:amd64 (already installed)
SKIP: libkf5dbusaddons-bin (already installed)
SKIP: libkf5dbusaddons-data (already installed)
SKIP: libkf5dbusaddons5:amd64 (already installed)
SKIP: libkf5guiaddons-bin (already installed)
SKIP: libkf5guiaddons-data (already installed)
SKIP: libkf5guiaddons5:amd64 (already installed)
SKIP: libkf5i18n-data (already installed)
SKIP: libkf5i18n5:amd64 (already installed)
SKIP: libkf5idletime5:amd64 (already installed)
SKIP: libkf5notifications-data (already installed)
SKIP: libkf5notifications5:amd64 (already installed)
SKIP: libkf5service-bin (already installed)
SKIP: libkf5service-data (already installed)
SKIP: libkf5service5:amd64 (already installed)
SKIP: libkf5wallet-bin (already installed)
SKIP: libkf5wallet-data (already installed)
SKIP: libkf5wallet5:amd64 (already installed)
SKIP: libkf5waylandclient5:amd64 (already installed)
SKIP: libkf5widgetsaddons-data (already installed)
SKIP: libkf5widgetsaddons5:amd64 (already installed)
SKIP: libkf5windowsystem-data (already installed)
SKIP: libkf5windowsystem5:amd64 (already installed)
SKIP: libklibc:amd64 (already installed)
SKIP: libkmod2:amd64 (already installed)
SKIP: libkpathsea6:amd64 (already installed)
SKIP: libkrb5-3:amd64 (already installed)
SKIP: libkrb5-3:i386 (already installed)
SKIP: libkrb5support0:amd64 (already installed)
SKIP: libkrb5support0:i386 (already installed)
SKIP: libksba8:amd64 (already installed)
SKIP: libkwalletbackend5-5:amd64 (already installed)
SKIP: liblab-gamut1:amd64 (already installed)
SKIP: liblapack3:amd64 (already installed)
SKIP: liblcms2-2:amd64 (already installed)
SKIP: liblcms2-utils (already installed)
SKIP: libldacbt-abr2:amd64 (already installed)
SKIP: libldacbt-enc2:amd64 (already installed)
SKIP: libldap-2.5-0:amd64 (already installed)
SKIP: libldb2:amd64 (already installed)
SKIP: liblilv-0-0:amd64 (already installed)
SKIP: liblingua-translit-perl (already installed)
SKIP: liblirc-client0:amd64 (already installed)
SKIP: liblist-allutils-perl (already installed)
SKIP: liblist-moreutils-perl (already installed)
SKIP: liblist-moreutils-xs-perl (already installed)
SKIP: liblist-someutils-perl (already installed)
SKIP: liblist-someutils-xs-perl (already installed)
SKIP: liblist-utilsby-perl (already installed)
SKIP: libllvm11:amd64 (already installed)
SKIP: libllvm15:amd64 (already installed)
SKIP: libllvm15:i386 (already installed)
SKIP: liblmdb0:amd64 (already installed)
SKIP: liblocale-gettext-perl (already installed)
SKIP: liblog-dispatch-perl (already installed)
SKIP: liblog-log4perl-perl (already installed)
SKIP: liblouis-data (already installed)
SKIP: liblouis20:amd64 (already installed)
SKIP: liblouisutdml-bin (already installed)
SKIP: liblouisutdml-data (already installed)
SKIP: liblouisutdml9:amd64 (already installed)
SKIP: liblqr-1-0:amd64 (already installed)
SKIP: liblsan0:amd64 (already installed)
SKIP: libltc11:amd64 (already installed)
SKIP: libltdl7:amd64 (already installed)
SKIP: liblua5.2-0:amd64 (already installed)
SKIP: liblua5.3-0:amd64 (already installed)
SKIP: liblua5.4-0:amd64 (already installed)
SKIP: libluajit-5.1-2:amd64 (already installed)
SKIP: libluajit-5.1-common (already installed)
SKIP: liblvm2cmd2.03:amd64 (already installed)
SKIP: liblwp-mediatypes-perl (already installed)
SKIP: liblwp-protocol-https-perl (already installed)
SKIP: liblz4-1:amd64 (already installed)
SKIP: liblz4-1:i386 (already installed)
SKIP: liblzma5:amd64 (already installed)
SKIP: liblzma5:i386 (already installed)
SKIP: liblzo2-2:amd64 (already installed)
SKIP: libmad0:amd64 (already installed)
SKIP: libmagic-mgc (already installed)
SKIP: libmagic1:amd64 (already installed)
SKIP: libmagick++-6.q16-8:amd64 (already installed)
SKIP: libmagickcore-6.q16-6:amd64 (already installed)
SKIP: libmagickcore-6.q16-6-extra:amd64 (already installed)
SKIP: libmagickwand-6.q16-6:amd64 (already installed)
SKIP: libmail-sendmail-perl (already installed)
SKIP: libmailtools-perl (already installed)
SKIP: libmalcontent-0-0:amd64 (already installed)
SKIP: libmanette-0.2-0:amd64 (already installed)
SKIP: libmarisa0:amd64 (already installed)
SKIP: libmatroska7:amd64 (already installed)
SKIP: libmaxminddb0:amd64 (already installed)
SKIP: libmbim-glib4:amd64 (already installed)
SKIP: libmbim-proxy (already installed)
SKIP: libmd0:amd64 (already installed)
SKIP: libmd0:i386 (already installed)
SKIP: libmd4c0:amd64 (already installed)
SKIP: libmediaart-2.0-0:amd64 (already installed)
SKIP: libmessaging-menu0:amd64 (already installed)
SKIP: libmetis5:amd64 (already installed)
SKIP: libmfx1:amd64 (already installed)
SKIP: libmime-charset-perl (already installed)
SKIP: libmime-lite-perl (already installed)
SKIP: libmime-types-perl (already installed)
SKIP: libmjpegutils-2.1-0:amd64 (already installed)
SKIP: libmm-glib0:amd64 (already installed)
SKIP: libmng2:amd64 (already installed)
SKIP: libmnl0:amd64 (already installed)
SKIP: libmodplug1:amd64 (already installed)
SKIP: libmodule-implementation-perl (already installed)
SKIP: libmodule-runtime-perl (already installed)
SKIP: libmount-dev:amd64 (already installed)
SKIP: libmount1:amd64 (already installed)
SKIP: libmount1:i386 (already installed)
SKIP: libmozjs-91-0:amd64 (already installed)
SKIP: libmp3lame0:amd64 (already installed)
SKIP: libmpc3:amd64 (already installed)
SKIP: libmpcdec6:amd64 (already installed)
SKIP: libmpdec3:amd64 (already installed)
SKIP: libmpeg2-4:amd64 (already installed)
SKIP: libmpeg2encpp-2.1-0:amd64 (already installed)
SKIP: libmpfr6:amd64 (already installed)
SKIP: libmpg123-0:amd64 (already installed)
SKIP: libmplex2-2.1-0:amd64 (already installed)
SKIP: libmro-compat-perl (already installed)
SKIP: libmspack0:amd64 (already installed)
SKIP: libmtdev1:amd64 (already installed)
SKIP: libmtp-common (already installed)
SKIP: libmtp-runtime (already installed)
SKIP: libmtp9:amd64 (already installed)
SKIP: libmujs1:amd64 (already installed)
SKIP: libmutter-10-0:amd64 (already installed)
SKIP: libmypaint-1.5-1:amd64 (already installed)
SKIP: libmypaint-common (already installed)
SKIP: libmysofa1:amd64 (already installed)
SKIP: libnamespace-autoclean-perl (already installed)
SKIP: libnamespace-clean-perl (already installed)
SKIP: libnautilus-extension1a:amd64 (already installed)
SKIP: libncurses6:amd64 (already installed)
SKIP: libncursesw6:amd64 (already installed)
SKIP: libndctl6:amd64 (already installed)
SKIP: libndp0:amd64 (already installed)
SKIP: libnet-dbus-perl (already installed)
SKIP: libnet-http-perl (already installed)
SKIP: libnet-smtp-ssl-perl (already installed)
SKIP: libnet-ssleay-perl:amd64 (already installed)
SKIP: libnetfilter-conntrack3:amd64 (already installed)
SKIP: libnetpbm10 (already installed)
SKIP: libnetplan0:amd64 (already installed)
SKIP: libnettle8:amd64 (already installed)
SKIP: libnettle8:i386 (already installed)
SKIP: libnewt0.52:amd64 (already installed)
SKIP: libnfnetlink0:amd64 (already installed)
SKIP: libnfs13:amd64 (already installed)
SKIP: libnfsidmap1:amd64 (already installed)
SKIP: libnftables1:amd64 (already installed)
SKIP: libnftnl11:amd64 (already installed)
SKIP: libnghttp2-14:amd64 (already installed)
SKIP: libnice10:amd64 (already installed)
SKIP: libnl-3-200:amd64 (already installed)
SKIP: libnl-genl-3-200:amd64 (already installed)
SKIP: libnl-route-3-200:amd64 (already installed)
SKIP: libnm0:amd64 (already installed)
SKIP: libnm0:i386 (already installed)
SKIP: libnma-common (already installed)
SKIP: libnma0:amd64 (already installed)
SKIP: libnorm1:amd64 (already installed)
SKIP: libnotify-bin (already installed)
SKIP: libnotify4:amd64 (already installed)
SKIP: libnpth0:amd64 (already installed)
SKIP: libnsl-dev:amd64 (already installed)
SKIP: libnsl2:amd64 (already installed)
SKIP: libnsl2:i386 (already installed)
SKIP: libnspr4:amd64 (already installed)
SKIP: libnss-mdns:amd64 (already installed)
SKIP: libnss-myhostname:amd64 (already installed)
SKIP: libnss-mymachines:amd64 (already installed)
SKIP: libnss-nis:i386 (already installed)
SKIP: libnss-nisplus:i386 (already installed)
SKIP: libnss-systemd:amd64 (already installed)
SKIP: libnss3:amd64 (already installed)
SKIP: libntfs-3g89 (already installed)
SKIP: libnuma1:amd64 (already installed)
SKIP: libnumber-compare-perl (already installed)
SKIP: libnvidia-cfg1-580:amd64 (already installed)
SKIP: libnvidia-common-580 (already installed)
SKIP: libnvidia-compute-580:amd64 (already installed)
SKIP: libnvidia-compute-580:i386 (already installed)
SKIP: libnvidia-decode-580:amd64 (already installed)
SKIP: libnvidia-decode-580:i386 (already installed)
SKIP: libnvidia-egl-wayland1:amd64 (already installed)
SKIP: libnvidia-egl-wayland1:i386 (already installed)
SKIP: libnvidia-encode-580:amd64 (already installed)
SKIP: libnvidia-encode-580:i386 (already installed)
SKIP: libnvidia-extra-580:amd64 (already installed)
SKIP: libnvidia-fbc1-580:amd64 (already installed)
SKIP: libnvidia-fbc1-580:i386 (already installed)
SKIP: libnvidia-gl-580:amd64 (already installed)
SKIP: libnvidia-gl-580:i386 (already installed)
SKIP: liboauth0:amd64 (already installed)
SKIP: libogg0:amd64 (already installed)
SKIP: libogg0:i386 (already installed)
SKIP: libonig5:amd64 (already installed)
SKIP: libopenal-data (already installed)
SKIP: libopenal1:amd64 (already installed)
SKIP: libopencc-data (already installed)
SKIP: libopencc1.1 (already installed)
SKIP: libopencore-amrnb0:amd64 (already installed)
SKIP: libopencore-amrwb0:amd64 (already installed)
SKIP: libopenexr25:amd64 (already installed)
SKIP: libopengl0:amd64 (already installed)
SKIP: libopenh264-6:amd64 (already installed)
SKIP: libopenjp2-7:amd64 (already installed)
SKIP: libopenmpt-modplug1:amd64 (already installed)
SKIP: libopenmpt0:amd64 (already installed)
SKIP: libopenni2-0:amd64 (already installed)
SKIP: libopus0:amd64 (already installed)
SKIP: libopus0:i386 (already installed)
SKIP: liborc-0.4-0:amd64 (already installed)
SKIP: libosinfo-1.0-0:amd64 (already installed)
SKIP: libosp5 (already installed)
SKIP: libostree-1-1:amd64 (already installed)
SKIP: libostree-dev:amd64 (already installed)
SKIP: libostyle1c2 (already installed)
SKIP: libp11-kit0:amd64 (already installed)
SKIP: libp11-kit0:i386 (already installed)
SKIP: libpackage-stash-perl (already installed)
SKIP: libpackage-stash-xs-perl (already installed)
SKIP: libpackagekit-glib2-18:amd64 (already installed)
SKIP: libpadwalker-perl (already installed)
SKIP: libpam-cap:amd64 (already installed)
SKIP: libpam-gnome-keyring:amd64 (already installed)
SKIP: libpam-modules:amd64 (already installed)
SKIP: libpam-modules-bin (already installed)
SKIP: libpam-runtime (already installed)
SKIP: libpam-systemd:amd64 (already installed)
SKIP: libpam0g:amd64 (already installed)
SKIP: libpango-1.0-0:amd64 (already installed)
SKIP: libpango-1.0-0:i386 (already installed)
SKIP: libpangocairo-1.0-0:amd64 (already installed)
SKIP: libpangocairo-1.0-0:i386 (already installed)
SKIP: libpangoft2-1.0-0:amd64 (already installed)
SKIP: libpangoft2-1.0-0:i386 (already installed)
SKIP: libpangomm-1.4-1v5:amd64 (already installed)
SKIP: libpangoxft-1.0-0:amd64 (already installed)
SKIP: libpaper-utils (already installed)
SKIP: libpaper1:amd64 (already installed)
SKIP: libparams-classify-perl (already installed)
SKIP: libparams-util-perl (already installed)
SKIP: libparams-validate-perl:amd64 (already installed)
SKIP: libparams-validationcompiler-perl (already installed)
SKIP: libparse-recdescent-perl (already installed)
SKIP: libparted-fs-resize0:amd64 (already installed)
SKIP: libparted2:amd64 (already installed)
SKIP: libpathplan4:amd64 (already installed)
SKIP: libpcap0.8:amd64 (already installed)
SKIP: libpcaudio0:amd64 (already installed)
SKIP: libpci3:amd64 (already installed)
SKIP: libpciaccess0:amd64 (already installed)
SKIP: libpciaccess0:i386 (already installed)
SKIP: libpcre16-3:amd64 (already installed)
SKIP: libpcre2-16-0:amd64 (already installed)
SKIP: libpcre2-32-0:amd64 (already installed)
SKIP: libpcre2-8-0:amd64 (already installed)
SKIP: libpcre2-8-0:i386 (already installed)
SKIP: libpcre2-dev:amd64 (already installed)
SKIP: libpcre2-posix3:amd64 (already installed)
SKIP: libpcre3:amd64 (already installed)
SKIP: libpcre3:i386 (already installed)
SKIP: libpcre3-dev:amd64 (already installed)
SKIP: libpcre32-3:amd64 (already installed)
SKIP: libpcrecpp0v5:amd64 (already installed)
SKIP: libpcsclite1:amd64 (already installed)
SKIP: libpdfbox-java (already installed)
SKIP: libpeas-1.0-0:amd64 (already installed)
SKIP: libpeas-common (already installed)
SKIP: libperl5.34:amd64 (already installed)
SKIP: libperlio-utf8-strict-perl (already installed)
SKIP: libpgm-5.3-0:amd64 (already installed)
SKIP: libphodav-2.0-0:amd64 (already installed)
SKIP: libphodav-2.0-common (already installed)
SKIP: libphonenumber8:amd64 (already installed)
SKIP: libpinyin-data:amd64 (already installed)
SKIP: libpinyin13:amd64 (already installed)
SKIP: libpipeline1:amd64 (already installed)
SKIP: libpipewire-0.3-0:amd64 (already installed)
SKIP: libpipewire-0.3-common (already installed)
SKIP: libpipewire-0.3-modules:amd64 (already installed)
SKIP: libpixman-1-0:amd64 (already installed)
SKIP: libpixman-1-0:i386 (already installed)
SKIP: libpkcs11-helper1:amd64 (already installed)
SKIP: libplacebo192:amd64 (already installed)
SKIP: libplist3:amd64 (already installed)
SKIP: libplot2c2:amd64 (already installed)
SKIP: libplymouth5:amd64 (already installed)
SKIP: libpmem1:amd64 (already installed)
SKIP: libpmemobj1:amd64 (already installed)
SKIP: libpng16-16:amd64 (already installed)
SKIP: libpng16-16:i386 (already installed)
SKIP: libpocketsphinx3:amd64 (already installed)
SKIP: libpolkit-agent-1-0:amd64 (already installed)
SKIP: libpolkit-gobject-1-0:amd64 (already installed)
SKIP: libpolkit-qt5-1-1:amd64 (already installed)
SKIP: libpop-analytics-panel (already installed)
SKIP: libpop-desktop-widget (already installed)
SKIP: libpop-support-panel (already installed)
SKIP: libpop-system-updater-gtk (already installed)
SKIP: libpop-theme-switcher (already installed)
SKIP: libpop-upgrade-gtk (already installed)
SKIP: libpoppler-cpp0v5:amd64 (already installed)
SKIP: libpoppler-glib8:amd64 (already installed)
SKIP: libpoppler-qt5-1:amd64 (already installed)
SKIP: libpoppler118:amd64 (already installed)
SKIP: libpopt0:amd64 (already installed)
SKIP: libportaudio2:amd64 (already installed)
SKIP: libpostproc55:amd64 (already installed)
SKIP: libpotrace0:amd64 (already installed)
SKIP: libprocps8:amd64 (already installed)
SKIP: libprotobuf-c1:amd64 (already installed)
SKIP: libprotobuf-lite23:amd64 (already installed)
SKIP: libprotobuf23:amd64 (already installed)
SKIP: libproxy-tools (already installed)
SKIP: libproxy1-plugin-gsettings:amd64 (already installed)
SKIP: libproxy1-plugin-networkmanager:amd64 (already installed)
SKIP: libproxy1v5:amd64 (already installed)
SKIP: libpsl5:amd64 (already installed)
SKIP: libpstoedit0c2a:amd64 (already installed)
SKIP: libptexenc1:amd64 (already installed)
SKIP: libpugixml1v5:amd64 (already installed)
SKIP: libpulse-mainloop-glib0:amd64 (already installed)
SKIP: libpulse0:amd64 (already installed)
SKIP: libpulse0:i386 (already installed)
SKIP: libpulsedsp:amd64 (already installed)
SKIP: libpwquality-common (already installed)
SKIP: libpwquality1:amd64 (already installed)
SKIP: libpython3-dev:amd64 (already installed)
SKIP: libpython3-stdlib:amd64 (already installed)
SKIP: libpython3.10:amd64 (already installed)
SKIP: libpython3.10-dev:amd64 (already installed)
SKIP: libpython3.10-minimal:amd64 (already installed)
SKIP: libpython3.10-stdlib:amd64 (already installed)
SKIP: libqalculate-data (already installed)
SKIP: libqalculate22:amd64 (already installed)
SKIP: libqmi-glib5:amd64 (already installed)
SKIP: libqmi-proxy (already installed)
SKIP: libqpdf28:amd64 (already installed)
SKIP: libqrencode4:amd64 (already installed)
SKIP: libqt5core5a:amd64 (already installed)
SKIP: libqt5dbus5:amd64 (already installed)
SKIP: libqt5gui5:amd64 (already installed)
SKIP: libqt5network5:amd64 (already installed)
SKIP: libqt5qml5:amd64 (already installed)
SKIP: libqt5qmlmodels5:amd64 (already installed)
SKIP: libqt5quick5:amd64 (already installed)
SKIP: libqt5svg5:amd64 (already installed)
SKIP: libqt5texttospeech5:amd64 (already installed)
SKIP: libqt5waylandclient5:amd64 (already installed)
SKIP: libqt5waylandcompositor5:amd64 (already installed)
SKIP: libqt5widgets5:amd64 (already installed)
SKIP: libqt5x11extras5:amd64 (already installed)
SKIP: libqt5xml5:amd64 (already installed)
SKIP: libquadmath0:amd64 (already installed)
SKIP: librabbitmq4:amd64 (already installed)
SKIP: librados2 (already installed)
SKIP: libraqm0:amd64 (already installed)
SKIP: libraw1394-11:amd64 (already installed)
SKIP: libraw20:amd64 (already installed)
SKIP: librbd1 (already installed)
SKIP: librdmacm1:amd64 (already installed)
SKIP: libreadline8:amd64 (already installed)
SKIP: libreadonly-perl (already installed)
SKIP: librecode0:amd64 (already installed)
SKIP: libref-util-perl (already installed)
SKIP: libref-util-xs-perl (already installed)
SKIP: libregexp-common-perl (already installed)
SKIP: libresid-builder0c2a (already installed)
SKIP: librest-0.7-0:amd64 (already installed)
SKIP: librevenge-0.0-0:amd64 (already installed)
SKIP: librhash0:amd64 (already installed)
SKIP: librole-tiny-perl (already installed)
SKIP: librsvg2-2:amd64 (already installed)
SKIP: librsvg2-common:amd64 (already installed)
SKIP: librtmp1:amd64 (already installed)
SKIP: librubberband2:amd64 (already installed)
SKIP: libruby3.0:amd64 (already installed)
SKIP: librygel-core-2.6-2:amd64 (already installed)
SKIP: librygel-db-2.6-2:amd64 (already installed)
SKIP: librygel-renderer-2.6-2:amd64 (already installed)
SKIP: librygel-server-2.6-2:amd64 (already installed)
SKIP: libs76-hidpi-widget (already installed)
SKIP: libsamplerate0:amd64 (already installed)
SKIP: libsamplerate0:i386 (already installed)
SKIP: libsane-common (already installed)
SKIP: libsane1:amd64 (already installed)
SKIP: libsasl2-2:amd64 (already installed)
SKIP: libsasl2-modules-db:amd64 (already installed)
SKIP: libsbc1:amd64 (already installed)
SKIP: libscalar-list-utils-perl (already installed)
SKIP: libsdl-image1.2:amd64 (already installed)
SKIP: libsdl1.2debian:amd64 (already installed)
SKIP: libsdl2-2.0-0:amd64 (already installed)
SKIP: libsdl2-2.0-0:i386 (already installed)
SKIP: libseccomp2:amd64 (already installed)
SKIP: libsecret-1-0:amd64 (already installed)
SKIP: libsecret-common (already installed)
SKIP: libselinux1:amd64 (already installed)
SKIP: libselinux1:i386 (already installed)
SKIP: libselinux1-dev:amd64 (already installed)
SKIP: libsemanage-common (already installed)
SKIP: libsemanage2:amd64 (already installed)
SKIP: libsensors-config (already installed)
SKIP: libsensors5:amd64 (already installed)
SKIP: libsensors5:i386 (already installed)
SKIP: libsepol-dev:amd64 (already installed)
SKIP: libsepol2:amd64 (already installed)
SKIP: libserd-0-0:amd64 (already installed)
SKIP: libshine3:amd64 (already installed)
SKIP: libshout3:amd64 (already installed)
SKIP: libsidplay1v5:amd64 (already installed)
SKIP: libsidplay2 (already installed)
SKIP: libsigc++-2.0-0v5:amd64 (already installed)
SKIP: libsigsegv2:amd64 (already installed)
SKIP: libsixel1:amd64 (already installed)
SKIP: libslang2:amd64 (already installed)
SKIP: libslirp0:amd64 (already installed)
SKIP: libsm6:amd64 (already installed)
SKIP: libsmartcols1:amd64 (already installed)
SKIP: libsmbclient:amd64 (already installed)
SKIP: libsmbios-c2 (already installed)
SKIP: libsnapd-glib1:amd64 (already installed)
SKIP: libsnappy1v5:amd64 (already installed)
SKIP: libsndfile1:amd64 (already installed)
SKIP: libsndfile1:i386 (already installed)
SKIP: libsndio7.0:amd64 (already installed)
SKIP: libsnmp-base (already installed)
SKIP: libsnmp40:amd64 (already installed)
SKIP: libsodium23:amd64 (already installed)
SKIP: libsombok3:amd64 (already installed)
SKIP: libsonic0:amd64 (already installed)
SKIP: libsord-0-0:amd64 (already installed)
SKIP: libsort-key-perl (already installed)
SKIP: libsoundtouch1:amd64 (already installed)
SKIP: libsoup-gnome2.4-1:amd64 (already installed)
SKIP: libsoup2.4-1:amd64 (already installed)
SKIP: libsoup2.4-common (already installed)
SKIP: libsoxr0:amd64 (already installed)
SKIP: libspa-0.2-avb:amd64 (already installed)
SKIP: libspa-0.2-bluetooth:amd64 (already installed)
SKIP: libspa-0.2-jack:amd64 (already installed)
SKIP: libspa-0.2-modules:amd64 (already installed)
SKIP: libspandsp2:amd64 (already installed)
SKIP: libspatialaudio0:amd64 (already installed)
SKIP: libspecio-perl (already installed)
SKIP: libspectre1:amd64 (already installed)
SKIP: libspeechd2:amd64 (already installed)
SKIP: libspeex1:amd64 (already installed)
SKIP: libspeexdsp1:amd64 (already installed)
SKIP: libsphinxbase3:amd64 (already installed)
SKIP: libspice-client-glib-2.0-8:amd64 (already installed)
SKIP: libspice-client-gtk-3.0-5:amd64 (already installed)
SKIP: libspice-server1:amd64 (already installed)
SKIP: libsqlite3-0:amd64 (already installed)
SKIP: libsratom-0-0:amd64 (already installed)
SKIP: libsrt1.4-gnutls:amd64 (already installed)
SKIP: libsrtp2-1:amd64 (already installed)
SKIP: libss2:amd64 (already installed)
SKIP: libssh-4:amd64 (already installed)
SKIP: libssh-gcrypt-4:amd64 (already installed)
SKIP: libssh2-1:amd64 (already installed)
SKIP: libssl-dev:amd64 (already installed)
SKIP: libssl3:amd64 (already installed)
SKIP: libssl3:i386 (already installed)
SKIP: libstartup-notification0:amd64 (already installed)
SKIP: libstdc++-11-dev:amd64 (already installed)
SKIP: libstdc++6:amd64 (already installed)
SKIP: libstdc++6:i386 (already installed)
SKIP: libstemmer0d:amd64 (already installed)
SKIP: libstring-crc32-perl:amd64 (already installed)
SKIP: libsub-exporter-perl (already installed)
SKIP: libsub-exporter-progressive-perl (already installed)
SKIP: libsub-identify-perl (already installed)
SKIP: libsub-install-perl (already installed)
SKIP: libsub-name-perl (already installed)
SKIP: libsub-quote-perl (already installed)
SKIP: libsuitesparseconfig5:amd64 (already installed)
SKIP: libswresample3:amd64 (already installed)
SKIP: libswscale5:amd64 (already installed)
SKIP: libsynctex2:amd64 (already installed)
SKIP: libsys-hostname-long-perl (already installed)
SKIP: libsystemd0:amd64 (already installed)
SKIP: libsystemd0:i386 (already installed)
SKIP: libtag1v5:amd64 (already installed)
SKIP: libtag1v5-vanilla:amd64 (already installed)
SKIP: libtalloc2:amd64 (already installed)
SKIP: libtasn1-6:amd64 (already installed)
SKIP: libtasn1-6:i386 (already installed)
SKIP: libtcl8.6:amd64 (already installed)
SKIP: libtdb1:amd64 (already installed)
SKIP: libteamdctl0:amd64 (already installed)
SKIP: libteckit0:amd64 (already installed)
SKIP: libtevent0:amd64 (already installed)
SKIP: libtexlua53:amd64 (already installed)
SKIP: libtexluajit2:amd64 (already installed)
SKIP: libtext-bibtex-perl (already installed)
SKIP: libtext-charwidth-perl (already installed)
SKIP: libtext-csv-perl (already installed)
SKIP: libtext-csv-xs-perl:amd64 (already installed)
SKIP: libtext-glob-perl (already installed)
SKIP: libtext-iconv-perl (already installed)
SKIP: libtext-roman-perl (already installed)
SKIP: libtext-unidecode-perl (already installed)
SKIP: libtext-wrapi18n-perl (already installed)
SKIP: libthai-data (already installed)
SKIP: libthai0:amd64 (already installed)
SKIP: libthai0:i386 (already installed)
SKIP: libtheora0:amd64 (already installed)
SKIP: libtie-cycle-perl (already installed)
SKIP: libtie-ixhash-perl (already installed)
SKIP: libtiff5:amd64 (already installed)
SKIP: libtimedate-perl (already installed)
SKIP: libtinfo6:amd64 (already installed)
SKIP: libtinfo6:i386 (already installed)
SKIP: libtirpc-common (already installed)
SKIP: libtirpc-dev:amd64 (already installed)
SKIP: libtirpc3:amd64 (already installed)
SKIP: libtirpc3:i386 (already installed)
SKIP: libtk8.6:amd64 (already installed)
SKIP: libtotem-plparser-common (already installed)
SKIP: libtotem-plparser18:amd64 (already installed)
SKIP: libtotem0:amd64 (already installed)
SKIP: libtpms0:amd64 (already installed)
SKIP: libtracker-sparql-3.0-0:amd64 (already installed)
SKIP: libtry-tiny-perl (already installed)
SKIP: libtsan0:amd64 (already installed)
SKIP: libtsan2:amd64 (already installed)
SKIP: libtss2-esys-3.0.2-0:amd64 (already installed)
SKIP: libtss2-mu0:amd64 (already installed)
SKIP: libtss2-sys1:amd64 (already installed)
SKIP: libtss2-tcti-cmd0:amd64 (already installed)
SKIP: libtss2-tcti-device0:amd64 (already installed)
SKIP: libtss2-tcti-mssim0:amd64 (already installed)
SKIP: libtss2-tcti-swtpm0:amd64 (already installed)
SKIP: libturbojpeg:amd64 (already installed)
SKIP: libturbojpeg0-dev:amd64 (already installed)
SKIP: libtwolame0:amd64 (already installed)
SKIP: libtypes-serialiser-perl (already installed)
SKIP: libubsan1:amd64 (already installed)
SKIP: libuchardet0:amd64 (already installed)
SKIP: libudev1:amd64 (already installed)
SKIP: libudev1:i386 (already installed)
SKIP: libudfread0:amd64 (already installed)
SKIP: libudisks2-0:amd64 (already installed)
SKIP: libumfpack5:amd64 (already installed)
SKIP: libunicode-linebreak-perl (already installed)
SKIP: libunistring2:amd64 (already installed)
SKIP: libunistring2:i386 (already installed)
SKIP: libunity-protocol-private0:amd64 (already installed)
SKIP: libunity-scopes-json-def-desktop (already installed)
SKIP: libunity9:amd64 (already installed)
SKIP: libunwind8:amd64 (already installed)
SKIP: libupnp13:amd64 (already installed)
SKIP: libupower-glib3:amd64 (already installed)
SKIP: liburi-perl (already installed)
SKIP: liburing2:amd64 (already installed)
SKIP: libusb-1.0-0:amd64 (already installed)
SKIP: libusb-1.0-0:i386 (already installed)
SKIP: libusbmuxd6:amd64 (already installed)
SKIP: libusbredirhost1:amd64 (already installed)
SKIP: libusbredirparser1:amd64 (already installed)
SKIP: libutempter0:amd64 (already installed)
SKIP: libuuid1:amd64 (already installed)
SKIP: libuuid1:i386 (already installed)
SKIP: libuv1:amd64 (already installed)
SKIP: libv4l-0:amd64 (already installed)
SKIP: libv4lconvert0:amd64 (already installed)
SKIP: libva-drm2:amd64 (already installed)
SKIP: libva-drm2:i386 (already installed)
SKIP: libva-glx2:amd64 (already installed)
SKIP: libva-glx2:i386 (already installed)
SKIP: libva-wayland2:amd64 (already installed)
SKIP: libva-x11-2:amd64 (already installed)
SKIP: libva-x11-2:i386 (already installed)
SKIP: libva2:amd64 (already installed)
SKIP: libva2:i386 (already installed)
SKIP: libvariable-magic-perl (already installed)
SKIP: libvdpau-va-gl1:amd64 (already installed)
SKIP: libvdpau1:amd64 (already installed)
SKIP: libvidstab1.1:amd64 (already installed)
SKIP: libvirglrenderer1:amd64 (already installed)
SKIP: libvirt-clients (already installed)
SKIP: libvirt-daemon (already installed)
SKIP: libvirt-daemon-config-network (already installed)
SKIP: libvirt-daemon-config-nwfilter (already installed)
SKIP: libvirt-daemon-driver-qemu (already installed)
SKIP: libvirt-daemon-system (already installed)
SKIP: libvirt-daemon-system-systemd (already installed)
SKIP: libvirt-glib-1.0-0:amd64 (already installed)
SKIP: libvirt-glib-1.0-data (already installed)
SKIP: libvirt0:amd64 (already installed)
SKIP: libvisio-0.1-1:amd64 (already installed)
SKIP: libvisual-0.4-0:amd64 (already installed)
SKIP: libvlc-bin:amd64 (already installed)
SKIP: libvlc5:amd64 (already installed)
SKIP: libvlccore9:amd64 (already installed)
SKIP: libvncclient1:amd64 (already installed)
SKIP: libvncserver1:amd64 (already installed)
SKIP: libvo-aacenc0:amd64 (already installed)
SKIP: libvo-amrwbenc0:amd64 (already installed)
SKIP: libvolume-key1 (already installed)
SKIP: libvorbis0a:amd64 (already installed)
SKIP: libvorbis0a:i386 (already installed)
SKIP: libvorbisenc2:amd64 (already installed)
SKIP: libvorbisenc2:i386 (already installed)
SKIP: libvorbisfile3:amd64 (already installed)
SKIP: libvpx7:amd64 (already installed)
SKIP: libvte-2.91-0:amd64 (already installed)
SKIP: libvte-2.91-common (already installed)
SKIP: libvulkan1:amd64 (already installed)
SKIP: libvulkan1:i386 (already installed)
SKIP: libwacom-bin (already installed)
SKIP: libwacom-common (already installed)
SKIP: libwacom9:amd64 (already installed)
SKIP: libwavpack1:amd64 (already installed)
SKIP: libwayland-client0:amd64 (already installed)
SKIP: libwayland-client0:i386 (already installed)
SKIP: libwayland-cursor0:amd64 (already installed)
SKIP: libwayland-cursor0:i386 (already installed)
SKIP: libwayland-egl1:amd64 (already installed)
SKIP: libwayland-egl1:i386 (already installed)
SKIP: libwayland-server0:amd64 (already installed)
SKIP: libwayland-server0:i386 (already installed)
SKIP: libwbclient0:amd64 (already installed)
SKIP: libwebcam0 (already installed)
SKIP: libwebkit2gtk-4.0-37:amd64 (already installed)
SKIP: libwebp7:amd64 (already installed)
SKIP: libwebpdemux2:amd64 (already installed)
SKIP: libwebpmux3:amd64 (already installed)
SKIP: libwebrtc-audio-processing1:amd64 (already installed)
SKIP: libwhoopsie-preferences0 (already installed)
SKIP: libwhoopsie0:amd64 (already installed)
SKIP: libwildmidi2:amd64 (already installed)
SKIP: libwim15:amd64 (already installed)
SKIP: libwinpr2-2:amd64 (already installed)
SKIP: libwireplumber-0.4-0:amd64 (already installed)
SKIP: libwmf-0.2-7:amd64 (already installed)
SKIP: libwmf-bin (already installed)
SKIP: libwmflite-0.2-7:amd64 (already installed)
SKIP: libwnck-3-0:amd64 (already installed)
SKIP: libwnck-3-common (already installed)
SKIP: libwoff1:amd64 (already installed)
SKIP: libwpd-0.10-10:amd64 (already installed)
SKIP: libwpg-0.3-3:amd64 (already installed)
SKIP: libwrap0:amd64 (already installed)
SKIP: libwww-perl (already installed)
SKIP: libwww-robotrules-perl (already installed)
SKIP: libwxbase3.0-0v5:amd64 (already installed)
SKIP: libwxgtk3.0-gtk3-0v5:amd64 (already installed)
SKIP: libx11-6:amd64 (already installed)
SKIP: libx11-6:i386 (already installed)
SKIP: libx11-data (already installed)
SKIP: libx11-protocol-perl (already installed)
SKIP: libx11-xcb1:amd64 (already installed)
SKIP: libx11-xcb1:i386 (already installed)
SKIP: libx264-163:amd64 (already installed)
SKIP: libx265-199:amd64 (already installed)
SKIP: libx86-1:amd64 (already installed)
SKIP: libxatracker2:amd64 (already installed)
SKIP: libxau6:amd64 (already installed)
SKIP: libxau6:i386 (already installed)
SKIP: libxaw7:amd64 (already installed)
SKIP: libxcb-composite0:amd64 (already installed)
SKIP: libxcb-dri2-0:amd64 (already installed)
SKIP: libxcb-dri2-0:i386 (already installed)
SKIP: libxcb-dri3-0:amd64 (already installed)
SKIP: libxcb-dri3-0:i386 (already installed)
SKIP: libxcb-glx0:amd64 (already installed)
SKIP: libxcb-glx0:i386 (already installed)
SKIP: libxcb-icccm4:amd64 (already installed)
SKIP: libxcb-image0:amd64 (already installed)
SKIP: libxcb-keysyms1:amd64 (already installed)
SKIP: libxcb-present0:amd64 (already installed)
SKIP: libxcb-present0:i386 (already installed)
SKIP: libxcb-randr0:amd64 (already installed)
SKIP: libxcb-randr0:i386 (already installed)
SKIP: libxcb-render-util0:amd64 (already installed)
SKIP: libxcb-render0:amd64 (already installed)
SKIP: libxcb-render0:i386 (already installed)
SKIP: libxcb-res0:amd64 (already installed)
SKIP: libxcb-shape0:amd64 (already installed)
SKIP: libxcb-shm0:amd64 (already installed)
SKIP: libxcb-shm0:i386 (already installed)
SKIP: libxcb-sync1:amd64 (already installed)
SKIP: libxcb-sync1:i386 (already installed)
SKIP: libxcb-util1:amd64 (already installed)
SKIP: libxcb-xfixes0:amd64 (already installed)
SKIP: libxcb-xfixes0:i386 (already installed)
SKIP: libxcb-xinerama0:amd64 (already installed)
SKIP: libxcb-xinput0:amd64 (already installed)
SKIP: libxcb-xkb1:amd64 (already installed)
SKIP: libxcb-xv0:amd64 (already installed)
SKIP: libxcb1:amd64 (already installed)
SKIP: libxcb1:i386 (already installed)
SKIP: libxcomposite1:amd64 (already installed)
SKIP: libxcursor1:amd64 (already installed)
SKIP: libxcursor1:i386 (already installed)
SKIP: libxcvt0:amd64 (already installed)
SKIP: libxdamage1:amd64 (already installed)
SKIP: libxdamage1:i386 (already installed)
SKIP: libxdmcp6:amd64 (already installed)
SKIP: libxdmcp6:i386 (already installed)
SKIP: libxdo3:amd64 (already installed)
SKIP: libxext6:amd64 (already installed)
SKIP: libxext6:i386 (already installed)
SKIP: libxfixes3:amd64 (already installed)
SKIP: libxfixes3:i386 (already installed)
SKIP: libxfont2:amd64 (already installed)
SKIP: libxft2:amd64 (already installed)
SKIP: libxi6:amd64 (already installed)
SKIP: libxi6:i386 (already installed)
SKIP: libxinerama1:amd64 (already installed)
SKIP: libxinerama1:i386 (already installed)
SKIP: libxkbcommon-x11-0:amd64 (already installed)
SKIP: libxkbcommon0:amd64 (already installed)
SKIP: libxkbcommon0:i386 (already installed)
SKIP: libxkbfile1:amd64 (already installed)
SKIP: libxkbregistry0:amd64 (already installed)
SKIP: libxklavier16:amd64 (already installed)
SKIP: libxml++2.6-2v5:amd64 (already installed)
SKIP: libxml-libxml-perl (already installed)
SKIP: libxml-libxml-simple-perl (already installed)
SKIP: libxml-libxslt-perl (already installed)
SKIP: libxml-namespacesupport-perl (already installed)
SKIP: libxml-parser-perl:amd64 (already installed)
SKIP: libxml-sax-base-perl (already installed)
SKIP: libxml-sax-expat-perl (already installed)
SKIP: libxml-sax-perl (already installed)
SKIP: libxml-twig-perl (already installed)
SKIP: libxml-writer-perl (already installed)
SKIP: libxml-xpathengine-perl (already installed)
SKIP: libxml2:amd64 (already installed)
SKIP: libxml2:i386 (already installed)
SKIP: libxml2-dev:amd64 (already installed)
SKIP: libxml2-utils (already installed)
SKIP: libxmlb2:amd64 (already installed)
SKIP: libxmu6:amd64 (already installed)
SKIP: libxmuu1:amd64 (already installed)
SKIP: libxnvctrl0:amd64 (already installed)
SKIP: libxpm4:amd64 (already installed)
SKIP: libxrandr2:amd64 (already installed)
SKIP: libxrandr2:i386 (already installed)
SKIP: libxrender1:amd64 (already installed)
SKIP: libxrender1:i386 (already installed)
SKIP: libxres1:amd64 (already installed)
SKIP: libxshmfence1:amd64 (already installed)
SKIP: libxshmfence1:i386 (already installed)
SKIP: libxslt1.1:amd64 (already installed)
SKIP: libxss1:amd64 (already installed)
SKIP: libxss1:i386 (already installed)
SKIP: libxstring-perl (already installed)
SKIP: libxt6:amd64 (already installed)
SKIP: libxtables12:amd64 (already installed)
SKIP: libxtst6:amd64 (already installed)
SKIP: libxv1:amd64 (already installed)
SKIP: libxvidcore4:amd64 (already installed)
SKIP: libxvmc1:amd64 (already installed)
SKIP: libxxf86dga1:amd64 (already installed)
SKIP: libxxf86vm1:amd64 (already installed)
SKIP: libxxf86vm1:i386 (already installed)
SKIP: libxxhash0:amd64 (already installed)
SKIP: libyajl2:amd64 (already installed)
SKIP: libyaml-0-2:amd64 (already installed)
SKIP: libyaml-tiny-perl (already installed)
SKIP: libyelp0:amd64 (already installed)
SKIP: libytnef0:amd64 (already installed)
SKIP: libyuv0:amd64 (already installed)
SKIP: libzapojit-0.0-0:amd64 (already installed)
SKIP: libzbar0:amd64 (already installed)
SKIP: libzimg2:amd64 (already installed)
SKIP: libzip4:amd64 (already installed)
SKIP: libzmq5:amd64 (already installed)
SKIP: libzstd1:amd64 (already installed)
SKIP: libzstd1:i386 (already installed)
SKIP: libzvbi-common (already installed)
SKIP: libzvbi0:amd64 (already installed)
SKIP: libzxingcore1:amd64 (already installed)
SKIP: libzzip-0-13:amd64 (already installed)
SKIP: linux-base (already installed)
SKIP: linux-firmware (already installed)
SKIP: linux-generic (already installed)
INSTALL: linux-headers-6.16.3-76061603
E: Could not get lock /var/lib/dpkg/lock-frontend. It is held by process 109532 (apt-get)
E: Unable to acquire the dpkg frontend lock (/var/lib/dpkg/lock-frontend), is another process using it?
FAILED: linux-headers-6.16.3-76061603
INSTALL: linux-headers-6.16.3-76061603-generic
E: Could not get lock /var/lib/dpkg/lock-frontend. It is held by process 109532 (apt-get)
E: Unable to acquire the dpkg frontend lock (/var/lib/dpkg/lock-frontend), is another process using it?
FAILED: linux-headers-6.16.3-76061603-generic
SKIP: linux-headers-6.17.4-76061704 (already installed)
SKIP: linux-headers-6.17.4-76061704-generic (already installed)
SKIP: linux-headers-generic (already installed)
INSTALL: linux-image-6.16.3-76061603-generic
E: Could not get lock /var/lib/dpkg/lock-frontend. It is held by process 109532 (apt-get)
E: Unable to acquire the dpkg frontend lock (/var/lib/dpkg/lock-frontend), is another process using it?
FAILED: linux-image-6.16.3-76061603-generic
SKIP: linux-image-6.17.4-76061704-generic (already installed)
SKIP: linux-image-generic (already installed)
SKIP: linux-libc-dev:amd64 (already installed)
INSTALL: linux-modules-6.16.3-76061603-generic
E: Could not get lock /var/lib/dpkg/lock-frontend. It is held by process 109532 (apt-get)
E: Unable to acquire the dpkg frontend lock (/var/lib/dpkg/lock-frontend), is another process using it?
FAILED: linux-modules-6.16.3-76061603-generic
SKIP: linux-modules-6.17.4-76061704-generic (already installed)
SKIP: linux-sound-base (already installed)
SKIP: linux-system76 (already installed)
SKIP: lm-sensors (already installed)
SKIP: lmodern (already installed)
SKIP: locales (already installed)
SKIP: login (already installed)
SKIP: logrotate (already installed)
SKIP: logsave (already installed)
SKIP: lsb-base (already installed)
SKIP: lsb-release (already installed)
SKIP: lshw (already installed)
SKIP: lsof (already installed)
SKIP: lto-disabled-list (already installed)
SKIP: lua5.4 (already installed)
SKIP: lvm2 (already installed)
SKIP: m4 (already installed)
SKIP: mailcap (already installed)
SKIP: make (already installed)
SKIP: man-db (already installed)
SKIP: manpages (already installed)
SKIP: manpages-dev (already installed)
SKIP: mawk (already installed)
SKIP: mdadm (already installed)
SKIP: mdevctl (already installed)
SKIP: media-types (already installed)
SKIP: mesa-libgallium:amd64 (already installed)
SKIP: mesa-libgallium:i386 (already installed)
SKIP: mesa-utils (already installed)
SKIP: mesa-utils-bin:amd64 (already installed)
SKIP: mesa-va-drivers:amd64 (already installed)
SKIP: mesa-va-drivers:i386 (already installed)
SKIP: mesa-vdpau-drivers:amd64 (already installed)
SKIP: mesa-vulkan-drivers:amd64 (already installed)
SKIP: mesa-vulkan-drivers:i386 (already installed)
SKIP: mime-support (already installed)
INSTALL: minecraft-launcher
E: Could not get lock /var/lib/dpkg/lock-frontend. It is held by process 109532 (apt-get)
E: Unable to acquire the dpkg frontend lock (/var/lib/dpkg/lock-frontend), is another process using it?
FAILED: minecraft-launcher
SKIP: mobile-broadband-provider-info (already installed)
SKIP: modemmanager (already installed)
SKIP: mount (already installed)
SKIP: mpv (already installed)
SKIP: mscompress (already installed)
SKIP: msr-tools (already installed)
SKIP: mtr-tiny (already installed)
SKIP: mutter-common (already installed)
SKIP: mythes-ar (already installed)
SKIP: mythes-de (already installed)
SKIP: mythes-de-ch (already installed)
SKIP: mythes-en-au (already installed)
SKIP: mythes-en-us (already installed)
SKIP: mythes-es (already installed)
SKIP: mythes-fr (already installed)
SKIP: mythes-it (already installed)
SKIP: mythes-pt-pt (already installed)
SKIP: mythes-ru (already installed)
SKIP: nano (already installed)
SKIP: nautilus (already installed)
SKIP: nautilus-data (already installed)
SKIP: nautilus-extension-gnome-terminal (already installed)
SKIP: nautilus-sendto (already installed)
SKIP: nautilus-share (already installed)
SKIP: ncurses-base (already installed)
SKIP: ncurses-bin (already installed)
SKIP: ncurses-term (already installed)
SKIP: neovim (already installed)
SKIP: neovim-runtime (already installed)
SKIP: net-tools (already installed)
SKIP: netbase (already installed)
SKIP: netcat-openbsd (already installed)
SKIP: netpbm (already installed)
SKIP: netplan.io (already installed)
SKIP: network-manager (already installed)
SKIP: network-manager-config-connectivity-pop (already installed)
SKIP: network-manager-gnome (already installed)
SKIP: network-manager-openvpn (already installed)
SKIP: network-manager-openvpn-gnome (already installed)
SKIP: network-manager-pptp (already installed)
SKIP: network-manager-pptp-gnome (already installed)
SKIP: networkd-dispatcher (already installed)
SKIP: nfs-common (already installed)
SKIP: nfs-kernel-server (already installed)
SKIP: nftables (already installed)
SKIP: nodejs (already installed)
INSTALL: nordvpn
E: Could not get lock /var/lib/dpkg/lock-frontend. It is held by process 109532 (apt-get)
E: Unable to acquire the dpkg frontend lock (/var/lib/dpkg/lock-frontend), is another process using it?
FAILED: nordvpn
SKIP: ntfs-3g (already installed)
SKIP: nvidia-compute-utils-580 (already installed)
SKIP: nvidia-dkms-580-open (already installed)
SKIP: nvidia-driver-570-open (already installed)
SKIP: nvidia-driver-580-open (already installed)
SKIP: nvidia-firmware-580-580.82.09 (already installed)
SKIP: nvidia-kernel-common-580 (already installed)
SKIP: nvidia-kernel-source-580-open (already installed)
SKIP: nvidia-settings (already installed)
SKIP: nvidia-utils-580 (already installed)
SKIP: ocl-icd-libopencl1:amd64 (already installed)
SKIP: ocl-icd-libopencl1:i386 (already installed)
SKIP: openjade (already installed)
SKIP: openjdk-11-jre:amd64 (already installed)
SKIP: openjdk-11-jre-headless:amd64 (already installed)
SKIP: openprinting-ppds (already installed)
SKIP: openssh-client (already installed)
SKIP: openssh-server (already installed)
SKIP: openssh-sftp-server (already installed)
SKIP: openssl (already installed)
SKIP: openvpn (already installed)
SKIP: orca (already installed)
SKIP: os-prober (already installed)
SKIP: osinfo-db (already installed)
SKIP: ovmf (already installed)
SKIP: p11-kit (already installed)
SKIP: p11-kit-modules:amd64 (already installed)
SKIP: p7zip (already installed)
SKIP: p7zip-full (already installed)
SKIP: packagekit (already installed)
SKIP: pandoc (already installed)
SKIP: pandoc-data (already installed)
SKIP: parted (already installed)
SKIP: passwd (already installed)
SKIP: patch (already installed)
SKIP: pavucontrol (already installed)
SKIP: pci.ids (already installed)
SKIP: pciutils (already installed)
SKIP: pcmciautils (already installed)
SKIP: perl (already installed)
SKIP: perl-base (already installed)
SKIP: perl-modules-5.34 (already installed)
SKIP: perl-openssl-defaults:amd64 (already installed)
SKIP: pfb2t1c2pfb (already installed)
SKIP: pigz (already installed)
SKIP: pinentry-curses (already installed)
SKIP: pinentry-gnome3 (already installed)
SKIP: pipewire:amd64 (already installed)
SKIP: pipewire-alsa:amd64 (already installed)
SKIP: pipewire-avb (already installed)
SKIP: pipewire-bin (already installed)
SKIP: pipewire-jack:amd64 (already installed)
SKIP: pipewire-pulse (already installed)
SKIP: pkexec (already installed)
SKIP: pkg-config (already installed)
SKIP: plymouth (already installed)
SKIP: plymouth-label (already installed)
SKIP: plymouth-theme-pop-basic (already installed)
SKIP: plymouth-theme-pop-text (already installed)
SKIP: plymouth-theme-spinner (already installed)
SKIP: pm-utils (already installed)
SKIP: podman (already installed)
SKIP: policykit-1 (already installed)
SKIP: policykit-desktop-privileges (already installed)
SKIP: polkitd (already installed)
SKIP: pop-container-interactive (already installed)
SKIP: pop-container-runtime (already installed)
SKIP: pop-cosmic (already installed)
SKIP: pop-de-gnome (already installed)
SKIP: pop-default-settings (already installed)
SKIP: pop-default-settings-zram (already installed)
SKIP: pop-desktop (already installed)
SKIP: pop-fonts (already installed)
SKIP: pop-gnome-initial-setup (already installed)
SKIP: pop-gnome-shell-theme (already installed)
SKIP: pop-gtk-theme (already installed)
SKIP: pop-icon-theme (already installed)
SKIP: pop-keyring (already installed)
SKIP: pop-launcher (already installed)
SKIP: pop-pipewire (already installed)
SKIP: pop-plymouth-theme (already installed)
SKIP: pop-server (already installed)
SKIP: pop-session (already installed)
SKIP: pop-shell (already installed)
SKIP: pop-shell-shortcuts (already installed)
SKIP: pop-shop (already installed)
SKIP: pop-sound-theme (already installed)
SKIP: pop-system-updater (already installed)
SKIP: pop-theme (already installed)
SKIP: pop-transition (already installed)
SKIP: pop-upgrade (already installed)
SKIP: pop-wallpapers (already installed)
SKIP: poppler-data (already installed)
SKIP: poppler-utils (already installed)
SKIP: popsicle (already installed)
SKIP: popsicle-gtk (already installed)
SKIP: powermgmt-base (already installed)
SKIP: ppp (already installed)
SKIP: pptp-linux (already installed)
SKIP: prerex (already installed)
SKIP: preview-latex-style (already installed)
SKIP: printer-driver-all (already installed)
SKIP: printer-driver-brlaser (already installed)
SKIP: printer-driver-c2050 (already installed)
SKIP: printer-driver-c2esp (already installed)
SKIP: printer-driver-cjet (already installed)
SKIP: printer-driver-dymo (already installed)
SKIP: printer-driver-escpr (already installed)
SKIP: printer-driver-foo2zjs (already installed)
SKIP: printer-driver-foo2zjs-common (already installed)
SKIP: printer-driver-fujixerox (already installed)
SKIP: printer-driver-gutenprint (already installed)
SKIP: printer-driver-hpcups (already installed)
SKIP: printer-driver-indexbraille (already installed)
SKIP: printer-driver-m2300w (already installed)
SKIP: printer-driver-min12xxw (already installed)
SKIP: printer-driver-oki (already installed)
SKIP: printer-driver-pnm2ppa (already installed)
SKIP: printer-driver-postscript-hp (already installed)
SKIP: printer-driver-ptouch (already installed)
SKIP: printer-driver-pxljr (already installed)
SKIP: printer-driver-sag-gdi (already installed)
SKIP: printer-driver-splix (already installed)
SKIP: procps (already installed)
SKIP: ps2eps (already installed)
SKIP: psmisc (already installed)
SKIP: pstoedit (already installed)
SKIP: psutils (already installed)
SKIP: pulseaudio-utils (already installed)
SKIP: purifyeps (already installed)
SKIP: python-apt-common (already installed)
SKIP: python3 (already installed)
SKIP: python3-apport (already installed)
SKIP: python3-apt (already installed)
SKIP: python3-aptdaemon (already installed)
SKIP: python3-aptdaemon.gtk3widgets (already installed)
SKIP: python3-blinker (already installed)
SKIP: python3-bpfcc (already installed)
SKIP: python3-brlapi:amd64 (already installed)
SKIP: python3-brotli (already installed)
SKIP: python3-bs4 (already installed)
SKIP: python3-cairo:amd64 (already installed)
SKIP: python3-certifi (already installed)
SKIP: python3-cffi-backend:amd64 (already installed)
SKIP: python3-chardet (already installed)
SKIP: python3-click (already installed)
SKIP: python3-colorama (already installed)
SKIP: python3-commandnotfound (already installed)
SKIP: python3-configobj (already installed)
SKIP: python3-cryptography (already installed)
SKIP: python3-cups:amd64 (already installed)
SKIP: python3-cupshelpers (already installed)
SKIP: python3-dateutil (already installed)
SKIP: python3-dbus (already installed)
SKIP: python3-debian (already installed)
SKIP: python3-defer (already installed)
SKIP: python3-dev (already installed)
SKIP: python3-distro (already installed)
SKIP: python3-distro-info (already installed)
SKIP: python3-distutils (already installed)
SKIP: python3-dnspython (already installed)
SKIP: python3-evdev (already installed)
SKIP: python3-gdbm:amd64 (already installed)
SKIP: python3-gi (already installed)
SKIP: python3-gi-cairo (already installed)
SKIP: python3-gnupg (already installed)
SKIP: python3-gpg (already installed)
SKIP: python3-html5lib (already installed)
SKIP: python3-httplib2 (already installed)
SKIP: python3-ibus-1.0 (already installed)
SKIP: python3-idna (already installed)
SKIP: python3-importlib-metadata (already installed)
SKIP: python3-jeepney (already installed)
SKIP: python3-jwt (already installed)
SKIP: python3-keyring (already installed)
SKIP: python3-launchpadlib (already installed)
SKIP: python3-lazr.restfulclient (already installed)
SKIP: python3-lazr.uri (already installed)
SKIP: python3-ldb (already installed)
SKIP: python3-lib2to3 (already installed)
SKIP: python3-libvirt (already installed)
SKIP: python3-libxml2:amd64 (already installed)
SKIP: python3-louis (already installed)
SKIP: python3-lxml:amd64 (already installed)
SKIP: python3-macaroonbakery (already installed)
SKIP: python3-markdown (already installed)
SKIP: python3-minimal (already installed)
SKIP: python3-more-itertools (already installed)
SKIP: python3-mutagen (already installed)
SKIP: python3-nacl (already installed)
SKIP: python3-nautilus (already installed)
SKIP: python3-netaddr (already installed)
SKIP: python3-netifaces:amd64 (already installed)
SKIP: python3-numpy (already installed)
SKIP: python3-oauthlib (already installed)
SKIP: python3-olefile (already installed)
SKIP: python3-packaging (already installed)
SKIP: python3-pbr (already installed)
SKIP: python3-pil:amd64 (already installed)
SKIP: python3-pip (already installed)
SKIP: python3-pip-whl (already installed)
SKIP: python3-pkg-resources (already installed)
SKIP: python3-problem-report (already installed)
SKIP: python3-protobuf (already installed)
SKIP: python3-pyatspi (already installed)
SKIP: python3-pycryptodome (already installed)
SKIP: python3-pydbus (already installed)
SKIP: python3-pygments (already installed)
SKIP: python3-pymacaroons (already installed)
SKIP: python3-pyparsing (already installed)
SKIP: python3-pyxattr:amd64 (already installed)
SKIP: python3-repolib (already installed)
SKIP: python3-requests (already installed)
SKIP: python3-requests-toolbelt (already installed)
SKIP: python3-rfc3339 (already installed)
SKIP: python3-samba (already installed)
SKIP: python3-scour (already installed)
SKIP: python3-secretstorage (already installed)
SKIP: python3-setuptools (already installed)
SKIP: python3-setuptools-whl (already installed)
SKIP: python3-six (already installed)
SKIP: python3-software-properties (already installed)
SKIP: python3-soupsieve (already installed)
SKIP: python3-speechd (already installed)
SKIP: python3-systemd (already installed)
SKIP: python3-talloc:amd64 (already installed)
SKIP: python3-tdb (already installed)
SKIP: python3-tz (already installed)
SKIP: python3-update-manager (already installed)
SKIP: python3-urllib3 (already installed)
SKIP: python3-venv (already installed)
SKIP: python3-wadllib (already installed)
SKIP: python3-webencodings (already installed)
SKIP: python3-websockets (already installed)
SKIP: python3-wheel (already installed)
SKIP: python3-wxgtk4.0 (already installed)
SKIP: python3-xdg (already installed)
SKIP: python3-xkit (already installed)
SKIP: python3-xlib (already installed)
SKIP: python3-yaml (already installed)
SKIP: python3-zipp (already installed)
SKIP: python3.10 (already installed)
SKIP: python3.10-dev (already installed)
SKIP: python3.10-minimal (already installed)
SKIP: python3.10-venv (already installed)
SKIP: qalc (already installed)
SKIP: qemu-block-extra (already installed)
SKIP: qemu-system-common (already installed)
SKIP: qemu-system-data (already installed)
SKIP: qemu-system-gui (already installed)
SKIP: qemu-system-x86 (already installed)
SKIP: qemu-utils (already installed)
SKIP: qt5-gtk-platformtheme:amd64 (already installed)
SKIP: qtspeech5-speechd-plugin:amd64 (already installed)
SKIP: qttranslations5-l10n (already installed)
SKIP: qtwayland5:amd64 (already installed)
SKIP: rake (already installed)
SKIP: readline-common (already installed)
SKIP: repoman (already installed)
SKIP: resvg (already installed)
SKIP: rfkill (already installed)
SKIP: ripgrep (already installed)
SKIP: rpcbind (already installed)
SKIP: rpcsvc-proto (already installed)
SKIP: rsync (already installed)
SKIP: rsyslog (already installed)
SKIP: rtkit (already installed)
SKIP: rtmpdump (already installed)
SKIP: ruby (already installed)
SKIP: ruby-net-telnet (already installed)
SKIP: ruby-rubygems (already installed)
SKIP: ruby-webrick (already installed)
SKIP: ruby-xmlrpc (already installed)
SKIP: ruby3.0 (already installed)
SKIP: rubygems-integration (already installed)
INSTALL: rustdesk
E: Could not get lock /var/lib/dpkg/lock-frontend. It is held by process 109532 (apt-get)
E: Unable to acquire the dpkg frontend lock (/var/lib/dpkg/lock-frontend), is another process using it?
FAILED: rustdesk
SKIP: rygel (already installed)
SKIP: samba (already installed)
SKIP: samba-common (already installed)
SKIP: samba-common-bin (already installed)
SKIP: samba-dsdb-modules:amd64 (already installed)
SKIP: samba-libs:amd64 (already installed)
SKIP: samba-vfs-modules:amd64 (already installed)
SKIP: sane-airscan (already installed)
SKIP: sane-utils (already installed)
SKIP: sbsigntool (already installed)
SKIP: screen-resolution-extra (already installed)
SKIP: seabios (already installed)
SKIP: seahorse (already installed)
SKIP: secureboot-db (already installed)
SKIP: sed (already installed)
SKIP: sensible-utils (already installed)
SKIP: session-migration (already installed)
SKIP: sessioninstaller (already installed)
SKIP: sgml-base (already installed)
SKIP: sgml-data (already installed)
SKIP: shared-mime-info (already installed)
SKIP: shotwell (already installed)
SKIP: shotwell-common (already installed)
SKIP: simple-scan (already installed)
SKIP: slirp4netns (already installed)
SKIP: smbclient (already installed)
SKIP: snapd (already installed)
SKIP: software-properties-common (already installed)
SKIP: software-properties-gtk (already installed)
SKIP: sound-icons (already installed)
SKIP: sound-theme-freedesktop (already installed)
SKIP: speech-dispatcher (already installed)
SKIP: speech-dispatcher-audio-plugins:amd64 (already installed)
SKIP: speech-dispatcher-espeak-ng (already installed)
SKIP: spice-client-glib-usb-acl-helper (already installed)
SKIP: squashfs-tools (already installed)
SKIP: ssh (already installed)
SKIP: ssh-import-id (already installed)
SKIP: sshfs (already installed)
SKIP: ssl-cert (already installed)
SKIP: steam-devices (already installed)
SKIP: steam-installer (already installed)
SKIP: steam-libs:amd64 (already installed)
SKIP: steam-libs:i386 (already installed)
SKIP: steam-libs-i386:i386 (already installed)
SKIP: strace (already installed)
SKIP: sudo (already installed)
SKIP: switcheroo-control (already installed)
SKIP: swtpm (already installed)
SKIP: swtpm-tools (already installed)
SKIP: system-config-printer (already installed)
SKIP: system-config-printer-common (already installed)
SKIP: system-config-printer-udev (already installed)
SKIP: system76-acpi-dkms (already installed)
SKIP: system76-dkms (already installed)
SKIP: system76-driver (already installed)
SKIP: system76-firmware-daemon (already installed)
SKIP: system76-io-dkms (already installed)
SKIP: system76-oled (already installed)
SKIP: system76-power (already installed)
SKIP: system76-scheduler (already installed)
SKIP: system76-wallpapers (already installed)
SKIP: systemd (already installed)
SKIP: systemd-container (already installed)
SKIP: systemd-hwe-hwdb (already installed)
SKIP: systemd-resolvconf (already installed)
SKIP: systemd-sysv (already installed)
SKIP: systemd-timesyncd (already installed)
SKIP: sysvinit-utils (already installed)
SKIP: t1utils (already installed)
SKIP: tar (already installed)
SKIP: tcl (already installed)
SKIP: tcl8.6 (already installed)
SKIP: tcpdump (already installed)
SKIP: tdb-tools (already installed)
SKIP: teckit (already installed)
SKIP: telnet (already installed)
SKIP: tex-common (already installed)
SKIP: tex-gyre (already installed)
SKIP: texinfo (already installed)
SKIP: texlive-base (already installed)
SKIP: texlive-bibtex-extra (already installed)
SKIP: texlive-binaries (already installed)
SKIP: texlive-extra-utils (already installed)
SKIP: texlive-font-utils (already installed)
SKIP: texlive-fonts-extra (already installed)
SKIP: texlive-fonts-extra-doc (already installed)
SKIP: texlive-fonts-extra-links (already installed)
SKIP: texlive-fonts-recommended (already installed)
SKIP: texlive-fonts-recommended-doc (already installed)
SKIP: texlive-formats-extra (already installed)
SKIP: texlive-full (already installed)
SKIP: texlive-games (already installed)
SKIP: texlive-humanities (already installed)
SKIP: texlive-humanities-doc (already installed)
SKIP: texlive-lang-arabic (already installed)
SKIP: texlive-lang-chinese (already installed)
SKIP: texlive-lang-cjk (already installed)
SKIP: texlive-lang-cyrillic (already installed)
SKIP: texlive-lang-czechslovak (already installed)
SKIP: texlive-lang-english (already installed)
SKIP: texlive-lang-european (already installed)
SKIP: texlive-lang-french (already installed)
SKIP: texlive-lang-german (already installed)
SKIP: texlive-lang-greek (already installed)
SKIP: texlive-lang-italian (already installed)
SKIP: texlive-lang-japanese (already installed)
SKIP: texlive-lang-korean (already installed)
SKIP: texlive-lang-other (already installed)
SKIP: texlive-lang-polish (already installed)
SKIP: texlive-lang-portuguese (already installed)
SKIP: texlive-lang-spanish (already installed)
SKIP: texlive-latex-base (already installed)
SKIP: texlive-latex-base-doc (already installed)
SKIP: texlive-latex-extra (already installed)
SKIP: texlive-latex-extra-doc (already installed)
SKIP: texlive-latex-recommended (already installed)
SKIP: texlive-latex-recommended-doc (already installed)
SKIP: texlive-luatex (already installed)
SKIP: texlive-metapost (already installed)
SKIP: texlive-metapost-doc (already installed)
SKIP: texlive-music (already installed)
SKIP: texlive-pictures (already installed)
SKIP: texlive-pictures-doc (already installed)
SKIP: texlive-plain-generic (already installed)
SKIP: texlive-pstricks (already installed)
SKIP: texlive-pstricks-doc (already installed)
SKIP: texlive-publishers (already installed)
SKIP: texlive-publishers-doc (already installed)
SKIP: texlive-science (already installed)
SKIP: texlive-science-doc (already installed)
SKIP: texlive-xetex (already installed)
SKIP: thermald (already installed)
SKIP: thin-provisioning-tools (already installed)
SKIP: time (already installed)
SKIP: timgm6mb-soundfont (already installed)
SKIP: tipa (already installed)
SKIP: tk (already installed)
SKIP: tk8.6 (already installed)
SKIP: tmux (already installed)
SKIP: tnftp (already installed)
SKIP: totem (already installed)
SKIP: totem-common (already installed)
SKIP: totem-plugins (already installed)
SKIP: touchegg (already installed)
SKIP: tpm-udev (already installed)
SKIP: tracker (already installed)
SKIP: tracker-extract (already installed)
SKIP: tracker-miner-fs (already installed)
SKIP: tree (already installed)
INSTALL: ttf-mscorefonts-installer
E: Could not get lock /var/lib/dpkg/lock-frontend. It is held by process 109532 (apt-get)
E: Unable to acquire the dpkg frontend lock (/var/lib/dpkg/lock-frontend), is another process using it?
FAILED: ttf-mscorefonts-installer
SKIP: tzdata (already installed)
SKIP: ubuntu-advantage-desktop-daemon (already installed)
SKIP: ubuntu-advantage-tools (already installed)
SKIP: ubuntu-docs (already installed)
SKIP: ubuntu-drivers-common (already installed)
SKIP: ubuntu-keyring (already installed)
SKIP: ubuntu-mono (already installed)
SKIP: ubuntu-pro-client (already installed)
SKIP: ubuntu-pro-client-l10n (already installed)
SKIP: ubuntu-release-upgrader-core (already installed)
INSTALL: ubuntu-restricted-addons
E: Could not get lock /var/lib/dpkg/lock-frontend. It is held by process 109532 (apt-get)
E: Unable to acquire the dpkg frontend lock (/var/lib/dpkg/lock-frontend), is another process using it?
FAILED: ubuntu-restricted-addons
INSTALL: ubuntu-restricted-extras
E: Could not get lock /var/lib/dpkg/lock-frontend. It is held by process 109532 (apt-get)
E: Unable to acquire the dpkg frontend lock (/var/lib/dpkg/lock-frontend), is another process using it?
FAILED: ubuntu-restricted-extras
SKIP: ucf (already installed)
SKIP: udev (already installed)
SKIP: udisks2 (already installed)
SKIP: ufw (already installed)
SKIP: uidmap (already installed)
INSTALL: unrar
E: Could not get lock /var/lib/dpkg/lock-frontend. It is held by process 109532 (apt-get)
E: Unable to acquire the dpkg frontend lock (/var/lib/dpkg/lock-frontend), is another process using it?
FAILED: unrar
SKIP: unzip (already installed)
SKIP: update-inetd (already installed)
SKIP: update-manager-core (already installed)
SKIP: upower (already installed)
SKIP: usb-modeswitch (already installed)
SKIP: usb-modeswitch-data (already installed)
SKIP: usb.ids (already installed)
SKIP: usbmuxd (already installed)
SKIP: usbutils (already installed)
SKIP: usrmerge (already installed)
SKIP: util-linux (already installed)
SKIP: uuid-dev:amd64 (already installed)
SKIP: uuid-runtime (already installed)
SKIP: uvcdynctrl (already installed)
SKIP: uvcdynctrl-data (already installed)
SKIP: va-driver-all:amd64 (already installed)
INSTALL: va-driver-all:i386
E: Could not get lock /var/lib/dpkg/lock-frontend. It is held by process 109532 (apt-get)
E: Unable to acquire the dpkg frontend lock (/var/lib/dpkg/lock-frontend), is another process using it?
FAILED: va-driver-all:i386
INSTALL: vainfo
E: Could not get lock /var/lib/dpkg/lock-frontend. It is held by process 109532 (apt-get)
E: Unable to acquire the dpkg frontend lock (/var/lib/dpkg/lock-frontend), is another process using it?
FAILED: vainfo
INSTALL: variety
E: Could not get lock /var/lib/dpkg/lock-frontend. It is held by process 109532 (apt-get)
E: Unable to acquire the dpkg frontend lock (/var/lib/dpkg/lock-frontend), is another process using it?
FAILED: variety
INSTALL: variety-slideshow
E: Could not get lock /var/lib/dpkg/lock-frontend. It is held by process 109532 (apt-get)
E: Unable to acquire the dpkg frontend lock (/var/lib/dpkg/lock-frontend), is another process using it?
FAILED: variety-slideshow
SKIP: vbetool (already installed)
SKIP: vdpau-driver-all:amd64 (already installed)
INSTALL: vim
E: Could not get lock /var/lib/dpkg/lock-frontend. It is held by process 109532 (apt-get)
E: Unable to acquire the dpkg frontend lock (/var/lib/dpkg/lock-frontend), is another process using it?
FAILED: vim
SKIP: vim-common (already installed)
INSTALL: vim-runtime
E: Could not get lock /var/lib/dpkg/lock-frontend. It is held by process 109532 (apt-get)
E: Unable to acquire the dpkg frontend lock (/var/lib/dpkg/lock-frontend), is another process using it?
FAILED: vim-runtime
SKIP: vim-tiny (already installed)
INSTALL: virt-manager
E: Could not get lock /var/lib/dpkg/lock-frontend. It is held by process 109532 (apt-get)
E: Unable to acquire the dpkg frontend lock (/var/lib/dpkg/lock-frontend), is another process using it?
FAILED: virt-manager
INSTALL: virt-viewer
E: Could not get lock /var/lib/dpkg/lock-frontend. It is held by process 109532 (apt-get)
E: Unable to acquire the dpkg frontend lock (/var/lib/dpkg/lock-frontend), is another process using it?
FAILED: virt-viewer
INSTALL: virtinst
E: Could not get lock /var/lib/dpkg/lock-frontend. It is held by process 109532 (apt-get)
E: Unable to acquire the dpkg frontend lock (/var/lib/dpkg/lock-frontend), is another process using it?
FAILED: virtinst
INSTALL: vlc
E: Could not get lock /var/lib/dpkg/lock-frontend. It is held by process 109532 (apt-get)
E: Unable to acquire the dpkg frontend lock (/var/lib/dpkg/lock-frontend), is another process using it?
FAILED: vlc
INSTALL: vlc-bin
E: Could not get lock /var/lib/dpkg/lock-frontend. It is held by process 109532 (apt-get)
E: Unable to acquire the dpkg frontend lock (/var/lib/dpkg/lock-frontend), is another process using it?
FAILED: vlc-bin
INSTALL: vlc-data
E: Could not get lock /var/lib/dpkg/lock-frontend. It is held by process 109532 (apt-get)
E: Unable to acquire the dpkg frontend lock (/var/lib/dpkg/lock-frontend), is another process using it?
FAILED: vlc-data
INSTALL: vlc-l10n
E: Could not get lock /var/lib/dpkg/lock-frontend. It is held by process 109532 (apt-get)
E: Unable to acquire the dpkg frontend lock (/var/lib/dpkg/lock-frontend), is another process using it?
FAILED: vlc-l10n
INSTALL: vlc-plugin-access-extra:amd64
E: Could not get lock /var/lib/dpkg/lock-frontend. It is held by process 109532 (apt-get)
E: Unable to acquire the dpkg frontend lock (/var/lib/dpkg/lock-frontend), is another process using it?
FAILED: vlc-plugin-access-extra:amd64
INSTALL: vlc-plugin-base:amd64
E: Could not get lock /var/lib/dpkg/lock-frontend. It is held by process 109532 (apt-get)
E: Unable to acquire the dpkg frontend lock (/var/lib/dpkg/lock-frontend), is another process using it?
FAILED: vlc-plugin-base:amd64
INSTALL: vlc-plugin-notify:amd64
E: Could not get lock /var/lib/dpkg/lock-frontend. It is held by process 109532 (apt-get)
E: Unable to acquire the dpkg frontend lock (/var/lib/dpkg/lock-frontend), is another process using it?
FAILED: vlc-plugin-notify:amd64
INSTALL: vlc-plugin-qt:amd64
E: Could not get lock /var/lib/dpkg/lock-frontend. It is held by process 109532 (apt-get)
E: Unable to acquire the dpkg frontend lock (/var/lib/dpkg/lock-frontend), is another process using it?
FAILED: vlc-plugin-qt:amd64
INSTALL: vlc-plugin-samba:amd64
E: Could not get lock /var/lib/dpkg/lock-frontend. It is held by process 109532 (apt-get)
E: Unable to acquire the dpkg frontend lock (/var/lib/dpkg/lock-frontend), is another process using it?
FAILED: vlc-plugin-samba:amd64
INSTALL: vlc-plugin-skins2:amd64
E: Could not get lock /var/lib/dpkg/lock-frontend. It is held by process 109532 (apt-get)
E: Unable to acquire the dpkg frontend lock (/var/lib/dpkg/lock-frontend), is another process using it?
FAILED: vlc-plugin-skins2:amd64
INSTALL: vlc-plugin-video-output:amd64
E: Could not get lock /var/lib/dpkg/lock-frontend. It is held by process 109532 (apt-get)
E: Unable to acquire the dpkg frontend lock (/var/lib/dpkg/lock-frontend), is another process using it?
FAILED: vlc-plugin-video-output:amd64
INSTALL: vlc-plugin-video-splitter:amd64
E: Could not get lock /var/lib/dpkg/lock-frontend. It is held by process 109532 (apt-get)
E: Unable to acquire the dpkg frontend lock (/var/lib/dpkg/lock-frontend), is another process using it?
FAILED: vlc-plugin-video-splitter:amd64
INSTALL: vlc-plugin-visualization:amd64
E: Could not get lock /var/lib/dpkg/lock-frontend. It is held by process 109532 (apt-get)
E: Unable to acquire the dpkg frontend lock (/var/lib/dpkg/lock-frontend), is another process using it?
FAILED: vlc-plugin-visualization:amd64
SKIP: vprerex (already installed)
SKIP: wamerican (already installed)
SKIP: warp-terminal (already installed)
SKIP: wbrazilian (already installed)
SKIP: wbritish (already installed)
SKIP: wfrench (already installed)
SKIP: wget (already installed)
SKIP: whiptail (already installed)
SKIP: whoopsie (already installed)
SKIP: whoopsie-preferences (already installed)
INSTALL: wimtools
E: Could not get lock /var/lib/dpkg/lock-frontend. It is held by process 109532 (apt-get)
E: Unable to acquire the dpkg frontend lock (/var/lib/dpkg/lock-frontend), is another process using it?
FAILED: wimtools
SKIP: wireless-regdb (already installed)
SKIP: wireless-tools (already installed)
SKIP: wireplumber (already installed)
SKIP: witalian (already installed)
INSTALL: wl-clipboard
E: Could not get lock /var/lib/dpkg/lock-frontend. It is held by process 109532 (apt-get)
E: Unable to acquire the dpkg frontend lock (/var/lib/dpkg/lock-frontend), is another process using it?
FAILED: wl-clipboard
SKIP: wngerman (already installed)
INSTALL: woeusb
E: Could not get lock /var/lib/dpkg/lock-frontend. It is held by process 109532 (apt-get)
E: Unable to acquire the dpkg frontend lock (/var/lib/dpkg/lock-frontend), is another process using it?
FAILED: woeusb
SKIP: wogerman (already installed)
SKIP: wpasupplicant (already installed)
SKIP: wportuguese (already installed)
SKIP: wspanish (already installed)
SKIP: wswiss (already installed)
SKIP: x11-apps (already installed)
SKIP: x11-common (already installed)
SKIP: x11-session-utils (already installed)
SKIP: x11-utils (already installed)
SKIP: x11-xkb-utils (already installed)
SKIP: x11-xserver-utils (already installed)
SKIP: xauth (already installed)
SKIP: xbacklight (already installed)
SKIP: xbitmaps (already installed)
SKIP: xbrlapi (already installed)
SKIP: xclip (already installed)
SKIP: xcvt (already installed)
SKIP: xdg-dbus-proxy (already installed)
SKIP: xdg-desktop-portal (already installed)
SKIP: xdg-desktop-portal-gnome (already installed)
SKIP: xdg-desktop-portal-gtk (already installed)
SKIP: xdg-user-dirs (already installed)
SKIP: xdg-user-dirs-gtk (already installed)
SKIP: xdg-utils (already installed)
SKIP: xdotool (already installed)
SKIP: xfonts-base (already installed)
SKIP: xfonts-encodings (already installed)
SKIP: xfonts-scalable (already installed)
SKIP: xfonts-utils (already installed)
SKIP: xinit (already installed)
SKIP: xinput (already installed)
SKIP: xkb-data (already installed)
SKIP: xml-core (already installed)
SKIP: xorg (already installed)
SKIP: xorg-docs-core (already installed)
INSTALL: xorriso
E: Could not get lock /var/lib/dpkg/lock-frontend. It is held by process 109532 (apt-get)
E: Unable to acquire the dpkg frontend lock (/var/lib/dpkg/lock-frontend), is another process using it?
FAILED: xorriso
INSTALL: xsel
E: Could not get lock /var/lib/dpkg/lock-frontend. It is held by process 109532 (apt-get)
E: Unable to acquire the dpkg frontend lock (/var/lib/dpkg/lock-frontend), is another process using it?
FAILED: xsel
SKIP: xserver-common (already installed)
SKIP: xserver-xephyr (already installed)
SKIP: xserver-xorg (already installed)
SKIP: xserver-xorg-core (already installed)
SKIP: xserver-xorg-input-all (already installed)
SKIP: xserver-xorg-input-libinput (already installed)
SKIP: xserver-xorg-input-wacom (already installed)
SKIP: xserver-xorg-legacy (already installed)
SKIP: xserver-xorg-video-all (already installed)
SKIP: xserver-xorg-video-amdgpu (already installed)
SKIP: xserver-xorg-video-ati (already installed)
SKIP: xserver-xorg-video-fbdev (already installed)
SKIP: xserver-xorg-video-intel (already installed)
SKIP: xserver-xorg-video-nouveau (already installed)
SKIP: xserver-xorg-video-nvidia-580 (already installed)
SKIP: xserver-xorg-video-qxl (already installed)
SKIP: xserver-xorg-video-radeon (already installed)
SKIP: xserver-xorg-video-vesa (already installed)
SKIP: xserver-xorg-video-vmware (already installed)
INSTALL: xsltproc
E: Could not get lock /var/lib/dpkg/lock-frontend. It is held by process 109532 (apt-get)
E: Unable to acquire the dpkg frontend lock (/var/lib/dpkg/lock-frontend), is another process using it?
FAILED: xsltproc
SKIP: xterm (already installed)
SKIP: xwayland (already installed)
SKIP: xxd (already installed)
SKIP: xz-utils (already installed)
SKIP: yelp (already installed)
SKIP: yelp-xsl (already installed)
INSTALL: youtube-dl
E: Could not get lock /var/lib/dpkg/lock-frontend. It is held by process 109532 (apt-get)
E: Unable to acquire the dpkg frontend lock (/var/lib/dpkg/lock-frontend), is another process using it?
FAILED: youtube-dl
SKIP: yt-dlp (already installed)
SKIP: zenity (already installed)
SKIP: zenity-common (already installed)
SKIP: zip (already installed)
SKIP: zlib1g:amd64 (already installed)
SKIP: zlib1g:i386 (already installed)
SKIP: zlib1g-dev:amd64 (already installed)
INSTALL: zoxide
E: Could not get lock /var/lib/dpkg/lock-frontend. It is held by process 109532 (apt-get)
E: Unable to acquire the dpkg frontend lock (/var/lib/dpkg/lock-frontend), is another process using it?
FAILED: zoxide
SKIP: zsh (already installed)
SKIP: zsh-common (already installed)
SKIP: zstd (already installed)

=== Processing Flatpak apps ===
INSTALL: ca.desrt.dconf-editor
Looking for matches…
error: No remote refs found for ‘flathub’
FAILED: ca.desrt.dconf-editor
INSTALL: com.bitwarden.desktop
Looking for matches…
error: No remote refs found for ‘flathub’
FAILED: com.bitwarden.desktop
INSTALL: com.discordapp.Discord
Looking for matches…
error: No remote refs found for ‘flathub’
FAILED: com.discordapp.Discord
INSTALL: com.feaneron.Boatswain
Looking for matches…
error: No remote refs found for ‘flathub’
FAILED: com.feaneron.Boatswain
INSTALL: com.freerdp.FreeRDP
Looking for matches…
error: No remote refs found for ‘flathub’
FAILED: com.freerdp.FreeRDP
INSTALL: com.getmailspring.Mailspring
Looking for matches…
error: No remote refs found for ‘flathub’
FAILED: com.getmailspring.Mailspring
INSTALL: com.github.tchx84.Flatseal
Looking for matches…
error: No remote refs found for ‘flathub’
FAILED: com.github.tchx84.Flatseal
INSTALL: com.google.Chrome
Looking for matches…
error: No remote refs found for ‘flathub’
FAILED: com.google.Chrome
INSTALL: com.obsproject.Studio
Looking for matches…
error: No remote refs found for ‘flathub’
FAILED: com.obsproject.Studio
INSTALL: com.usebottles.bottles
Looking for matches…
error: No remote refs found for ‘flathub’
FAILED: com.usebottles.bottles
INSTALL: io.github.getnf.embellish
Looking for matches…
error: No remote refs found for ‘flathub’
FAILED: io.github.getnf.embellish
INSTALL: net.mkiol.SpeechNote
Looking for matches…
error: No remote refs found for ‘flathub’
FAILED: net.mkiol.SpeechNote
INSTALL: org.gnome.Connections
Looking for matches…
error: No remote refs found for ‘flathub’
FAILED: org.gnome.Connections
INSTALL: org.gnome.clocks
Looking for matches…
error: No remote refs found for ‘flathub’
FAILED: org.gnome.clocks
INSTALL: org.gnome.meld
Looking for matches…
error: No remote refs found for ‘flathub’
FAILED: org.gnome.meld
INSTALL: org.shotcut.Shotcut
Looking for matches…
error: No remote refs found for ‘flathub’
FAILED: org.shotcut.Shotcut
INSTALL: org.standardnotes.standardnotes
Looking for matches…
error: No remote refs found for ‘flathub’
FAILED: org.standardnotes.standardnotes
INSTALL: org.tenacityaudio.Tenacity
Looking for matches…
error: No remote refs found for ‘flathub’
FAILED: org.tenacityaudio.Tenacity
INSTALL: org.vinegarhq.Sober
Looking for matches…
error: No remote refs found for ‘flathub’
FAILED: org.vinegarhq.Sober
INSTALL: org.vinegarhq.Vinegar
Looking for matches…
error: No remote refs found for ‘flathub’
FAILED: org.vinegarhq.Vinegar

=== Processing Snap apps ===
INSTALL: wps-office
2026-01-05T15:23:23-05:00 INFO Waiting for automatic snapd restart...
wps-office 10.1.0.6757 from liuyang8 installed
SUCCESS: wps-office

=== AppImage files ===
NOTE: AppImage files found in the list:
/home/sticks/Beeper-4.1.186.AppImage
/home/sticks/Spotify-x86_64.AppImage
/home/sticks/Applications/Beeper-4.2.367-x86_64.AppImage
AppImages need to be manually downloaded and placed in the appropriate locations.

=== Reinstallation completed at Mon Jan  5 03:23:44 PM EST 2026 ===
Check /home/sticks/bin/reinstall_prep_20260104_161522/reinstall_20260105_152149.log for detailed output
